ID,orderID,productID,quantity,discount,unitPrice
10449-62,10449,62,35,0.0E0,39.4
11041-2,11041,2,30,2.0000000298023224E-1,19
11040-21,11040,21,20,0.0E0,10
11039-57,11039,57,28,0.0E0,19.5
11039-49,11039,49,60,0.0E0,20
11039-35,11039,35,24,0.0E0,18
11039-28,11039,28,20,0.0E0,45.6
11038-71,11038,71,30,0.0E0,21.5
11038-52,11038,52,2,0.0E0,7
11038-40,11038,40,5,2.0000000298023224E-1,18.4
11037-70,11037,70,4,0.0E0,15
11036-59,11036,59,30,0.0E0,55
11036-13,11036,13,7,0.0E0,6
11035-54,11035,54,10,0.0E0,7.45
11035-42,11035,42,30,0.0E0,14
11035-35,11035,35,60,0.0E0,18
11035-1,11035,1,10,0.0E0,18
11034-61,11034,61,6,0.0E0,28.5
11034-44,11034,44,12,0.0E0,19.45
11034-21,11034,21,15,1.0000000149011612E-1,10
11033-69,11033,69,36,1.0000000149011612E-1,36
11033-53,11033,53,70,1.0000000149011612E-1,32.8
11032-59,11032,59,30,0.0E0,55
11032-38,11032,38,25,0.0E0,263.5
11032-36,11032,36,35,0.0E0,19
11031-71,11031,71,16,0.0E0,21.5
11077-6,11077,6,1,1.9999999552965164E-2,25
11077-4,11077,4,1,0.0E0,22
11077-3,11077,3,4,0.0E0,10
11077-2,11077,2,24,2.0000000298023224E-1,19
11076-19,11076,19,10,2.5E-1,9.2
11076-14,11076,14,20,2.5E-1,23.25
11076-6,11076,6,20,2.5E-1,25
11075-76,11075,76,2,1.5000000596046448E-1,18
11075-46,11075,46,30,1.5000000596046448E-1,12
11075-2,11075,2,10,1.5000000596046448E-1,19
11074-16,11074,16,14,5.000000074505806E-2,17.45
11073-24,11073,24,20,0.0E0,4.5
11073-11,11073,11,10,0.0E0,21
11072-64,11072,64,130,0.0E0,33.25
11072-50,11072,50,22,0.0E0,16.25
11012-19,11012,19,50,5.000000074505806E-2,9.2
11011-71,11011,71,20,0.0E0,21.5
11011-58,11011,58,40,5.000000074505806E-2,13.25
11010-24,11010,24,10,0.0E0,4.5
11010-7,11010,7,20,0.0E0,30
11009-60,11009,60,9,0.0E0,34
11009-36,11009,36,18,2.5E-1,19
10901-41,10901,41,30,0.0E0,9.65
10900-70,10900,70,3,2.5E-1,15
10899-39,10899,39,8,1.5000000596046448E-1,18
10898-13,10898,13,5,0.0E0,6
10897-30,10897,30,36,0.0E0,25.89
10897-29,10897,29,80,0.0E0,123.79
10896-56,10896,56,16,0.0E0,38
10896-45,10896,45,15,0.0E0,9.5
10895-60,10895,60,100,0.0E0,34
10895-40,10895,40,91,0.0E0,18.4
10895-39,10895,39,45,0.0E0,18
10895-24,10895,24,110,0.0E0,4.5
10894-75,10894,75,120,5.000000074505806E-2,7.75
10894-69,10894,69,50,5.000000074505806E-2,36
10894-13,10894,13,28,5.000000074505806E-2,6
10893-36,10893,36,20,0.0E0,19
10989-6,10989,6,40,0.0E0,25
10988-62,10988,62,40,1.0000000149011612E-1,49.3
10988-7,10988,7,60,0.0E0,30
10987-72,10987,72,20,0.0E0,34.8
11047-5,11047,5,30,2.5E-1,21.35
11047-1,11047,1,25,2.5E-1,18
11046-35,11046,35,18,5.000000074505806E-2,18
11046-32,11046,32,15,5.000000074505806E-2,32
11046-12,11046,12,20,5.000000074505806E-2,38
11045-51,11045,51,24,0.0E0,53
11045-33,11045,33,15,0.0E0,2.5
11044-62,11044,62,12,0.0E0,49.3
11043-11,11043,11,10,0.0E0,21
11042-61,11042,61,4,0.0E0,28.5
11042-44,11042,44,15,0.0E0,19.45
11041-63,11041,63,30,0.0E0,43.9
10875-49,10875,49,15,0.0E0,20
10875-47,10875,47,21,1.0000000149011612E-1,9.5
10875-19,10875,19,25,0.0E0,9.2
10874-10,10874,10,10,0.0E0,31
10873-28,10873,28,3,0.0E0,45.6
10873-21,10873,21,20,0.0E0,10
10872-65,10872,65,21,5.000000074505806E-2,21.05
10872-64,10872,64,15,5.000000074505806E-2,33.25
10872-62,10872,62,20,5.000000074505806E-2,49.3
10872-55,10872,55,10,5.000000074505806E-2,24
10871-17,10871,17,16,5.000000074505806E-2,39
10871-16,10871,16,12,5.000000074505806E-2,17.45
10871-6,10871,6,50,5.000000074505806E-2,25
10870-51,10870,51,2,0.0E0,53
10870-35,10870,35,3,0.0E0,18
10869-68,10869,68,20,0.0E0,12.5
10869-23,10869,23,50,0.0E0,9
10869-11,10869,11,10,0.0E0,21
10869-1,10869,1,40,0.0E0,18
10868-49,10868,49,42,1.0000000149011612E-1,20
10868-35,10868,35,30,0.0E0,18
10868-26,10868,26,20,0.0E0,31.23
10867-53,10867,53,3,0.0E0,32.8
10866-30,10866,30,40,2.5E-1,25.89
10866-24,10866,24,6,2.5E-1,4.5
10866-2,10866,2,21,2.5E-1,19
10865-39,10865,39,80,5.000000074505806E-2,18
10865-38,10865,38,60,5.000000074505806E-2,263.5
10864-67,10864,67,15,0.0E0,14
10864-35,10864,35,4,0.0E0,18
10863-58,10863,58,12,1.5000000596046448E-1,13.25
10863-1,10863,1,20,1.5000000596046448E-1,18
10862-52,10862,52,8,0.0E0,7
10862-11,10862,11,25,0.0E0,21
10861-62,10861,62,3,0.0E0,49.3
10861-33,10861,33,35,0.0E0,2.5
10861-21,10861,21,40,0.0E0,10
10861-18,10861,18,20,0.0E0,62.5
10861-17,10861,17,42,0.0E0,39
10860-76,10860,76,20,0.0E0,18
10860-51,10860,51,3,0.0E0,53
10859-64,10859,64,30,2.5E-1,33.25
10859-54,10859,54,35,2.5E-1,7.45
10859-24,10859,24,40,2.5E-1,4.5
10858-70,10858,70,4,0.0E0,15
10858-27,10858,27,10,0.0E0,43.9
10858-7,10858,7,5,0.0E0,30
10857-29,10857,29,10,2.5E-1,123.79
11031-24,11031,24,21,0.0E0,4.5
11031-13,11031,13,80,0.0E0,6
11031-1,11031,1,45,0.0E0,18
11030-59,11030,59,100,2.5E-1,55
11008-28,11008,28,70,5.000000074505806E-2,45.6
11007-42,11007,42,14,0.0E0,14
11007-29,11007,29,10,0.0E0,123.79
11007-8,11007,8,30,0.0E0,40
11006-29,11006,29,2,2.5E-1,123.79
11006-1,11006,1,8,0.0E0,18
11005-59,11005,59,10,0.0E0,55
11005-1,11005,1,2,0.0E0,18
11004-76,11004,76,6,0.0E0,18
10975-8,10975,8,16,0.0E0,40
10974-63,10974,63,10,0.0E0,43.9
10973-75,10973,75,10,0.0E0,7.75
10973-41,10973,41,6,0.0E0,9.65
10973-26,10973,26,5,0.0E0,31.23
10972-33,10972,33,7,0.0E0,2.5
10972-17,10972,17,6,0.0E0,39
10971-29,10971,29,14,0.0E0,123.79
10970-52,10970,52,40,2.0000000298023224E-1,7
10969-46,10969,46,9,0.0E0,12
10968-64,10968,64,4,0.0E0,33.25
10968-24,10968,24,30,0.0E0,4.5
10968-12,10968,12,30,0.0E0,38
10967-49,10967,49,40,0.0E0,20
10967-19,10967,19,12,0.0E0,9.2
10966-62,10966,62,12,1.5000000596046448E-1,49.3
10966-56,10966,56,12,1.5000000596046448E-1,38
10966-37,10966,37,8,0.0E0,26
10832-44,10832,44,16,2.0000000298023224E-1,19.45
10832-25,10832,25,10,2.0000000298023224E-1,14
10832-13,10832,13,3,2.0000000298023224E-1,6
10831-43,10831,43,9,0.0E0,46
10831-38,10831,38,8,0.0E0,263.5
10831-35,10831,35,8,0.0E0,18
10831-19,10831,19,2,0.0E0,9.2
10830-68,10830,68,24,0.0E0,12.5
10830-60,10830,60,30,0.0E0,34
10830-39,10830,39,28,0.0E0,18
10830-6,10830,6,6,0.0E0,25
10829-60,10829,60,21,0.0E0,34
10829-13,10829,13,10,0.0E0,6
10829-8,10829,8,20,0.0E0,40
10829-2,10829,2,10,0.0E0,19
10828-38,10828,38,2,0.0E0,263.5
11019-49,11019,49,2,0.0E0,20
11019-46,11019,46,3,0.0E0,12
11018-56,11018,56,5,0.0E0,38
11018-18,11018,18,10,0.0E0,62.5
11018-12,11018,12,20,0.0E0,38
11017-70,11017,70,30,0.0E0,15
11017-59,11017,59,110,0.0E0,55
11017-3,11017,3,25,0.0E0,10
11016-36,11016,36,16,0.0E0,19
11016-31,11016,31,15,0.0E0,12.5
11015-77,11015,77,18,0.0E0,13
11015-30,11015,30,15,0.0E0,25.89
11014-41,11014,41,28,1.0000000149011612E-1,9.65
11013-68,11013,68,2,0.0E0,12.5
11013-45,11013,45,20,0.0E0,9.5
11013-42,11013,42,4,0.0E0,14
11013-23,11013,23,10,0.0E0,9
11012-71,11012,71,60,5.000000074505806E-2,21.5
11012-60,11012,60,36,5.000000074505806E-2,34
10833-53,10833,53,9,1.0000000149011612E-1,32.8
10833-31,10833,31,9,1.0000000149011612E-1,12.5
10833-7,10833,7,20,1.0000000149011612E-1,30
10832-64,10832,64,3,0.0E0,33.25
10857-26,10857,26,35,2.5E-1,31.23
10857-3,10857,3,30,0.0E0,10
10856-42,10856,42,20,0.0E0,14
10856-2,10856,2,20,0.0E0,19
10855-65,10855,65,15,1.5000000596046448E-1,21.05
10855-56,10855,56,24,0.0E0,38
10855-31,10855,31,14,0.0E0,12.5
10855-16,10855,16,50,0.0E0,17.45
10854-13,10854,13,65,1.5000000596046448E-1,6
10854-10,10854,10,100,1.5000000596046448E-1,31
10853-18,10853,18,10,0.0E0,62.5
10852-62,10852,62,50,0.0E0,49.3
10852-17,10852,17,6,0.0E0,39
10852-2,10852,2,15,0.0E0,19
10851-59,10851,59,42,5.000000074505806E-2,55
10851-57,10851,57,10,5.000000074505806E-2,19.5
10851-25,10851,25,10,5.000000074505806E-2,14
10851-2,10851,2,5,5.000000074505806E-2,19
10850-70,10850,70,30,1.5000000596046448E-1,15
10850-33,10850,33,4,1.5000000596046448E-1,2.5
10850-25,10850,25,20,1.5000000596046448E-1,14
10849-26,10849,26,18,1.5000000596046448E-1,31.23
10849-3,10849,3,49,0.0E0,10
10848-9,10848,9,3,0.0E0,97
10848-5,10848,5,30,0.0E0,21.35
10847-71,10847,71,55,2.0000000298023224E-1,21.5
10847-60,10847,60,45,2.0000000298023224E-1,34
10847-45,10847,45,36,2.0000000298023224E-1,9.5
10847-37,10847,37,60,2.0000000298023224E-1,26
10847-19,10847,19,12,2.0000000298023224E-1,9.2
10847-1,10847,1,80,2.0000000298023224E-1,18
10846-74,10846,74,20,0.0E0,10
10846-70,10846,70,30,0.0E0,15
10794-54,10794,54,6,2.0000000298023224E-1,7.45
10794-14,10794,14,15,2.0000000298023224E-1,23.25
10793-52,10793,52,8,0.0E0,7
10793-41,10793,41,14,0.0E0,9.65
10792-68,10792,68,15,0.0E0,12.5
10792-54,10792,54,3,0.0E0,7.45
10792-2,10792,2,10,0.0E0,19
10791-41,10791,41,20,5.000000074505806E-2,9.65
10791-29,10791,29,14,5.000000074505806E-2,123.79
10790-56,10790,56,20,1.5000000596046448E-1,38
10790-7,10790,7,3,1.5000000596046448E-1,30
10789-68,10789,68,18,0.0E0,12.5
10789-63,10789,63,30,0.0E0,43.9
10789-35,10789,35,15,0.0E0,18
10789-18,10789,18,30,0.0E0,62.5
10788-75,10788,75,40,5.000000074505806E-2,7.75
10788-19,10788,19,50,5.000000074505806E-2,9.2
10787-29,10787,29,20,5.000000074505806E-2,123.79
10787-2,10787,2,15,5.000000074505806E-2,19
10786-75,10786,75,42,2.0000000298023224E-1,7.75
10786-30,10786,30,15,2.0000000298023224E-1,25.89
10786-8,10786,8,30,2.0000000298023224E-1,40
10785-75,10785,75,10,0.0E0,7.75
10785-10,10785,10,10,0.0E0,31
10784-72,10784,72,30,1.5000000596046448E-1,34.8
10784-39,10784,39,2,1.5000000596046448E-1,18
10784-36,10784,36,30,0.0E0,19
10783-38,10783,38,5,0.0E0,263.5
10783-31,10783,31,10,0.0E0,12.5
10782-31,10782,31,1,0.0E0,12.5
10781-74,10781,74,35,0.0E0,10
10781-56,10781,56,20,2.0000000298023224E-1,38
10781-54,10781,54,3,2.0000000298023224E-1,7.45
10780-77,10780,77,15,0.0E0,13
10756-36,10756,36,20,2.0000000298023224E-1,19
10756-18,10756,18,21,2.0000000298023224E-1,62.5
10755-69,10755,69,25,2.5E-1,36
10755-57,10755,57,14,2.5E-1,19.5
10755-56,10755,56,30,2.5E-1,38
10755-47,10755,47,30,2.5E-1,9.5
10776-42,10776,42,12,5.000000074505806E-2,14
10776-31,10776,31,16,5.000000074505806E-2,12.5
10775-67,10775,67,3,0.0E0,14
10775-10,10775,10,6,0.0E0,31
10774-66,10774,66,50,0.0E0,17
10774-31,10774,31,2,2.5E-1,12.5
10773-75,10773,75,7,2.0000000298023224E-1,7.75
10773-31,10773,31,70,2.0000000298023224E-1,12.5
10773-17,10773,17,33,0.0E0,39
10772-59,10772,59,25,0.0E0,55
10772-29,10772,29,18,0.0E0,123.79
10771-71,10771,71,16,0.0E0,21.5
10770-11,10770,11,15,2.5E-1,21
10769-62,10769,62,15,0.0E0,49.3
10769-61,10769,61,20,0.0E0,28.5
10769-52,10769,52,15,5.000000074505806E-2,7
10769-41,10769,41,30,5.000000074505806E-2,9.65
10768-71,10768,71,12,0.0E0,21.5
10768-60,10768,60,15,0.0E0,34
10768-31,10768,31,50,0.0E0,12.5
10768-22,10768,22,4,0.0E0,21
10767-42,10767,42,2,0.0E0,14
10766-68,10766,68,40,0.0E0,12.5
10766-7,10766,7,35,0.0E0,30
10766-2,10766,2,40,0.0E0,19
10765-65,10765,65,80,1.0000000149011612E-1,21.05
11077-32,11077,32,1,0.0E0,32
11077-23,11077,23,2,0.0E0,9
11077-20,11077,20,1,3.9999999105930328E-2,81
11077-16,11077,16,2,2.9999999329447746E-2,17.45
11077-14,11077,14,1,2.9999999329447746E-2,23.25
11077-13,11077,13,4,0.0E0,6
11077-12,11077,12,2,5.000000074505806E-2,38
11077-10,11077,10,1,0.0E0,31
11077-8,11077,8,2,1.0000000149011612E-1,40
11077-7,11077,7,1,5.000000074505806E-2,30
11030-29,11030,29,60,2.5E-1,123.79
11030-5,11030,5,70,0.0E0,21.35
11030-2,11030,2,100,2.5E-1,19
11029-63,11029,63,12,0.0E0,43.9
11029-56,11029,56,20,0.0E0,38
11028-59,11028,59,24,0.0E0,55
11028-55,11028,55,35,0.0E0,24
11027-62,11027,62,21,2.5E-1,49.3
11027-24,11027,24,30,2.5E-1,4.5
11026-51,11026,51,10,0.0E0,53
11026-18,11026,18,8,0.0E0,62.5
11025-13,11025,13,20,1.0000000149011612E-1,6
11025-1,11025,1,10,1.0000000149011612E-1,18
11024-71,11024,71,50,0.0E0,21.5
11024-65,11024,65,21,0.0E0,21.05
11024-33,11024,33,30,0.0E0,2.5
11024-26,11024,26,12,0.0E0,31.23
11023-43,11023,43,30,0.0E0,46
11023-7,11023,7,4,0.0E0,30
11022-69,11022,69,30,0.0E0,36
11022-19,11022,19,35,0.0E0,9.2
11021-72,11021,72,35,0.0E0,34.8
11021-51,11021,51,44,2.5E-1,53
11021-26,11021,26,63,0.0E0,31.23
11021-20,11021,20,15,0.0E0,81
11021-2,11021,2,11,2.5E-1,19
11020-10,11020,10,24,1.5000000596046448E-1,31
10942-49,10942,49,28,0.0E0,20
10941-72,10941,72,50,0.0E0,34.8
10941-68,10941,68,80,2.5E-1,12.5
10941-62,10941,62,30,2.5E-1,49.3
10941-31,10941,31,44,2.5E-1,12.5
10940-13,10940,13,20,0.0E0,6
10940-7,10940,7,8,0.0E0,30
10939-67,10939,67,40,1.5000000596046448E-1,14
10916-32,10916,32,6,0.0E0,32
10916-16,10916,16,6,0.0E0,17.45
10915-54,10915,54,10,0.0E0,7.45
10915-33,10915,33,30,0.0E0,2.5
10915-17,10915,17,10,0.0E0,39
10914-71,10914,71,25,0.0E0,21.5
10913-58,10913,58,15,0.0E0,13.25
10913-33,10913,33,40,2.5E-1,2.5
10913-4,10913,4,30,2.5E-1,22
10912-29,10912,29,60,2.5E-1,123.79
10912-11,10912,11,40,2.5E-1,21
10911-67,10911,67,15,0.0E0,14
10911-17,10911,17,12,0.0E0,39
10911-1,10911,1,10,0.0E0,18
10910-61,10910,61,5,0.0E0,28.5
10910-49,10910,49,10,0.0E0,20
10910-19,10910,19,12,0.0E0,9.2
10909-41,10909,41,5,0.0E0,9.65
10909-16,10909,16,15,0.0E0,17.45
10909-7,10909,7,12,0.0E0,30
10908-52,10908,52,14,5.000000074505806E-2,7
10908-7,10908,7,20,5.000000074505806E-2,30
10907-75,10907,75,14,0.0E0,7.75
10906-61,10906,61,15,0.0E0,28.5
10905-1,10905,1,20,5.000000074505806E-2,18
10904-62,10904,62,35,0.0E0,49.3
10904-58,10904,58,15,0.0E0,13.25
10903-68,10903,68,20,0.0E0,12.5
10903-65,10903,65,21,0.0E0,21.05
10903-13,10903,13,40,0.0E0,6
10902-62,10902,62,6,1.5000000596046448E-1,49.3
10902-55,10902,55,30,1.5000000596046448E-1,24
10901-71,10901,71,30,0.0E0,21.5
10690-77,10690,77,30,2.5E-1,13
10294-17,10294,17,15,0.0E0,31.2
10294-1,10294,1,18,0.0E0,14.4
10293-75,10293,75,6,0.0E0,6.2
10293-63,10293,63,5,0.0E0,35.1
10293-24,10293,24,10,0.0E0,3.6
10293-18,10293,18,12,0.0E0,50
10292-20,10292,20,20,0.0E0,64.8
10291-51,10291,51,2,1.0000000149011612E-1,42.4
10291-44,10291,44,24,1.0000000149011612E-1,15.5
10291-13,10291,13,20,1.0000000149011612E-1,4.8
10290-77,10290,77,10,0.0E0,10.4
10290-49,10290,49,15,0.0E0,16
11009-24,11009,24,12,0.0E0,4.5
11008-71,11008,71,21,0.0E0,21.5
11008-34,11008,34,90,5.000000074505806E-2,14
10962-13,10962,13,77,0.0E0,6
10962-7,10962,7,45,0.0E0,30
10961-76,10961,76,60,0.0E0,18
10961-52,10961,52,6,5.000000074505806E-2,7
10960-41,10960,41,24,0.0E0,9.65
10960-24,10960,24,10,2.5E-1,4.5
10959-75,10959,75,20,1.5000000596046448E-1,7.75
10958-72,10958,72,5,0.0E0,34.8
10958-7,10958,7,6,0.0E0,30
10958-5,10958,5,20,0.0E0,21.35
10957-64,10957,64,8,0.0E0,33.25
10957-35,10957,35,40,0.0E0,18
10957-30,10957,30,30,0.0E0,25.89
10956-51,10956,51,8,0.0E0,53
10956-47,10956,47,14,0.0E0,9.5
10956-21,10956,21,12,0.0E0,10
10955-75,10955,75,12,2.0000000298023224E-1,7.75
10954-60,10954,60,24,1.5000000596046448E-1,34
10954-45,10954,45,30,0.0E0,9.5
10954-31,10954,31,25,1.5000000596046448E-1,12.5
10954-16,10954,16,28,1.5000000596046448E-1,17.45
10953-31,10953,31,50,5.000000074505806E-2,12.5
10953-20,10953,20,50,5.000000074505806E-2,81
10952-28,10952,28,2,0.0E0,45.6
10952-6,10952,6,16,5.000000074505806E-2,25
10951-75,10951,75,50,5.000000074505806E-2,7.75
10951-41,10951,41,6,5.000000074505806E-2,9.65
11077-77,11077,77,2,0.0E0,13
11077-75,11077,75,4,0.0E0,7.75
11077-73,11077,73,2,9.9999997764825821E-3,15
11077-66,11077,66,1,0.0E0,17
11077-64,11077,64,2,2.9999999329447746E-2,33.25
11077-60,11077,60,2,5.9999998658895493E-2,34
11077-55,11077,55,2,0.0E0,24
11077-52,11077,52,2,0.0E0,7
11077-46,11077,46,3,1.9999999552965164E-2,12
11077-41,11077,41,3,0.0E0,9.65
11077-39,11077,39,2,5.000000074505806E-2,18
10754-40,10754,40,3,0.0E0,18.4
10753-74,10753,74,5,0.0E0,10
10753-45,10753,45,4,0.0E0,9.5
10752-69,10752,69,3,0.0E0,36
10752-1,10752,1,8,0.0E0,18
10751-73,10751,73,15,0.0E0,15
10751-50,10751,50,20,1.0000000149011612E-1,16.25
10751-30,10751,30,30,0.0E0,25.89
10751-26,10751,26,12,1.0000000149011612E-1,31.23
10750-59,10750,59,25,1.5000000596046448E-1,55
10750-45,10750,45,40,1.5000000596046448E-1,9.5
10750-14,10750,14,5,1.5000000596046448E-1,23.25
10749-76,10749,76,10,0.0E0,18
10749-59,10749,59,6,0.0E0,55
10749-56,10749,56,15,0.0E0,38
10748-56,10748,56,28,0.0E0,38
10748-40,10748,40,40,0.0E0,18.4
10748-23,10748,23,44,0.0E0,9
10747-69,10747,69,30,0.0E0,36
10747-63,10747,63,9,0.0E0,43.9
10747-41,10747,41,35,0.0E0,9.65
10747-31,10747,31,8,0.0E0,12.5
10746-69,10746,69,40,0.0E0,36
10746-62,10746,62,9,0.0E0,49.3
10746-42,10746,42,28,0.0E0,14
10746-13,10746,13,6,0.0E0,6
10745-72,10745,72,7,0.0E0,34.8
10745-59,10745,59,45,0.0E0,55
10745-44,10745,44,16,0.0E0,19.45
10745-18,10745,18,24,0.0E0,62.5
10744-40,10744,40,50,2.0000000298023224E-1,18.4
10743-46,10743,46,28,5.000000074505806E-2,12
10742-72,10742,72,35,0.0E0,34.8
10742-60,10742,60,50,0.0E0,34
10742-3,10742,3,20,0.0E0,10
10741-2,10741,2,15,2.0000000298023224E-1,19
10740-56,10740,56,14,2.0000000298023224E-1,38
10740-45,10740,45,40,2.0000000298023224E-1,9.5
10628-1,10628,1,25,0.0E0,18
10627-73,10627,73,35,1.5000000596046448E-1,15
10627-62,10627,62,15,0.0E0,49.3
10626-71,10626,71,20,0.0E0,21.5
10626-60,10626,60,20,0.0E0,34
10626-53,10626,53,12,0.0E0,32.8
10578-57,10578,57,6,0.0E0,19.5
10578-35,10578,35,20,0.0E0,18
10577-77,10577,77,18,0.0E0,13
10577-75,10577,75,20,0.0E0,7.75
10577-39,10577,39,10,0.0E0,18
10576-44,10576,44,21,0.0E0,19.45
10576-31,10576,31,20,0.0E0,12.5
10576-1,10576,1,10,0.0E0,18
10575-76,10575,76,10,0.0E0,18
10575-72,10575,72,30,0.0E0,34.8
10575-63,10575,63,6,0.0E0,43.9
10575-59,10575,59,12,0.0E0,55
10574-64,10574,64,6,0.0E0,33.25
10574-62,10574,62,10,0.0E0,49.3
10574-40,10574,40,2,0.0E0,18.4
10574-33,10574,33,14,0.0E0,2.5
10573-53,10573,53,25,0.0E0,32.8
10573-34,10573,34,40,0.0E0,14
10573-17,10573,17,18,0.0E0,39
10572-75,10572,75,15,1.0000000149011612E-1,7.75
10572-40,10572,40,50,0.0E0,18.4
10572-32,10572,32,10,1.0000000149011612E-1,32
10572-16,10572,16,12,1.0000000149011612E-1,17.45
10571-42,10571,42,28,1.5000000596046448E-1,14
10571-14,10571,14,11,1.5000000596046448E-1,23.25
10570-56,10570,56,60,5.000000074505806E-2,38
10570-11,10570,11,15,5.000000074505806E-2,21
10606-62,10606,62,10,2.0000000298023224E-1,49.3
10606-55,10606,55,20,2.0000000298023224E-1,24
10606-4,10606,4,20,2.0000000298023224E-1,22
10605-71,10605,71,15,5.000000074505806E-2,21.5
10605-60,10605,60,70,5.000000074505806E-2,34
10605-59,10605,59,20,5.000000074505806E-2,55
10605-16,10605,16,30,5.000000074505806E-2,17.45
10604-76,10604,76,10,1.0000000149011612E-1,18
10604-48,10604,48,6,1.0000000149011612E-1,12.75
10603-49,10603,49,25,5.000000074505806E-2,20
10603-22,10603,22,48,0.0E0,21
10602-77,10602,77,5,2.5E-1,13
10601-59,10601,59,35,0.0E0,55
10601-13,10601,13,60,0.0E0,6
10600-73,10600,73,30,0.0E0,15
10600-54,10600,54,4,0.0E0,7.45
10599-62,10599,62,10,0.0E0,49.3
10598-71,10598,71,9,0.0E0,21.5
10598-27,10598,27,50,0.0E0,43.9
10597-65,10597,65,12,2.0000000298023224E-1,21.05
10597-57,10597,57,20,0.0E0,19.5
10597-24,10597,24,35,2.0000000298023224E-1,4.5
10303-65,10303,65,30,1.0000000149011612E-1,16.8
10303-40,10303,40,40,1.0000000149011612E-1,14.7
10302-43,10302,43,12,0.0E0,36.8
10302-28,10302,28,28,0.0E0,36.4
10302-17,10302,17,40,0.0E0,31.2
10301-56,10301,56,20,0.0E0,30.4
10301-40,10301,40,10,0.0E0,14.7
10300-68,10300,68,20,0.0E0,10
10300-66,10300,66,30,0.0E0,13.6
10299-70,10299,70,20,0.0E0,12
10299-19,10299,19,15,0.0E0,7.3
10298-62,10298,62,15,0.0E0,39.4
10298-59,10298,59,30,2.5E-1,44
10298-36,10298,36,40,2.5E-1,15.2
10298-2,10298,2,40,0.0E0,15.2
10297-72,10297,72,20,0.0E0,27.8
11031-64,11031,64,20,0.0E0,33.25
10965-51,10965,51,16,0.0E0,53
10964-69,10964,69,10,0.0E0,36
10964-38,10964,38,5,0.0E0,263.5
10964-18,10964,18,6,0.0E0,62.5
10963-60,10963,60,2,1.5000000596046448E-1,34
10962-76,10962,76,44,0.0E0,18
10962-69,10962,69,9,0.0E0,36
10962-53,10962,53,20,0.0E0,32.8
10939-2,10939,2,10,1.5000000596046448E-1,19
10938-71,10938,71,35,2.5E-1,21.5
10938-60,10938,60,49,2.5E-1,34
10938-43,10938,43,24,2.5E-1,46
10938-13,10938,13,20,2.5E-1,6
10937-34,10937,34,20,0.0E0,14
10937-28,10937,28,8,0.0E0,45.6
10936-36,10936,36,30,2.0000000298023224E-1,19
10935-23,10935,23,8,2.5E-1,9
10935-18,10935,18,4,2.5E-1,62.5
10935-1,10935,1,21,0.0E0,18
10934-6,10934,6,20,0.0E0,25
10933-61,10933,61,30,0.0E0,28.5
10933-53,10933,53,2,0.0E0,32.8
10932-75,10932,75,20,1.0000000149011612E-1,7.75
10932-72,10932,72,16,0.0E0,34.8
10932-62,10932,62,14,1.0000000149011612E-1,49.3
10932-16,10932,16,30,1.0000000149011612E-1,17.45
10931-57,10931,57,30,0.0E0,19.5
10931-13,10931,13,42,1.5000000596046448E-1,6
10930-58,10930,58,30,2.0000000298023224E-1,13.25
10930-55,10930,55,25,2.0000000298023224E-1,24
10930-27,10930,27,25,0.0E0,43.9
10930-21,10930,21,36,0.0E0,10
10929-77,10929,77,15,0.0E0,13
10929-75,10929,75,49,0.0E0,7.75
10929-21,10929,21,60,0.0E0,10
10928-76,10928,76,5,0.0E0,18
10928-47,10928,47,5,0.0E0,9.5
10927-76,10927,76,20,0.0E0,18
10927-52,10927,52,5,0.0E0,7
10927-20,10927,20,5,0.0E0,81
10926-72,10926,72,10,0.0E0,34.8
10926-19,10926,19,7,0.0E0,9.2
10926-13,10926,13,10,0.0E0,6
10926-11,10926,11,2,0.0E0,21
10925-52,10925,52,12,1.5000000596046448E-1,7
10925-36,10925,36,25,1.5000000596046448E-1,19
10924-75,10924,75,6,0.0E0,7.75
10924-28,10924,28,30,1.0000000149011612E-1,45.6
10924-10,10924,10,20,1.0000000149011612E-1,31
10923-67,10923,67,24,2.0000000298023224E-1,14
10923-43,10923,43,10,2.0000000298023224E-1,46
10923-42,10923,42,10,2.0000000298023224E-1,14
10922-24,10922,24,35,0.0E0,4.5
10922-17,10922,17,15,0.0E0,39
10921-63,10921,63,40,0.0E0,43.9
10921-35,10921,35,10,0.0E0,18
10920-50,10920,50,24,0.0E0,16.25
10919-40,10919,40,20,0.0E0,18.4
10919-25,10919,25,24,0.0E0,14
10919-16,10919,16,24,0.0E0,17.45
10918-60,10918,60,25,2.5E-1,34
10997-52,10997,52,20,2.5E-1,7
10997-46,10997,46,20,2.5E-1,12
10997-32,10997,32,50,0.0E0,32
10996-42,10996,42,40,0.0E0,14
10995-60,10995,60,4,0.0E0,34
10995-51,10995,51,20,0.0E0,53
10994-59,10994,59,18,5.000000074505806E-2,55
10993-41,10993,41,35,2.5E-1,9.65
10993-29,10993,29,50,2.5E-1,123.79
10992-72,10992,72,2,0.0E0,34.8
10991-76,10991,76,90,2.0000000298023224E-1,18
10991-70,10991,70,20,2.0000000298023224E-1,15
10991-2,10991,2,50,2.0000000298023224E-1,19
10990-61,10990,61,66,1.5000000596046448E-1,28.5
10990-55,10990,55,65,1.5000000596046448E-1,24
10990-34,10990,34,60,1.5000000596046448E-1,14
10990-21,10990,21,65,0.0E0,10
10989-41,10989,41,4,0.0E0,9.65
10989-11,10989,11,15,0.0E0,21
10734-76,10734,76,20,0.0E0,18
10734-30,10734,30,15,0.0E0,25.89
10734-6,10734,6,30,0.0E0,25
10733-52,10733,52,25,0.0E0,7
10733-28,10733,28,20,0.0E0,45.6
10733-14,10733,14,16,0.0E0,23.25
10732-76,10732,76,20,0.0E0,18
10731-51,10731,51,30,5.000000074505806E-2,53
10731-21,10731,21,40,5.000000074505806E-2,10
10730-65,10730,65,10,5.000000074505806E-2,21.05
10730-31,10730,31,3,5.000000074505806E-2,12.5
10730-16,10730,16,15,5.000000074505806E-2,17.45
10729-50,10729,50,40,0.0E0,16.25
10729-21,10729,21,30,0.0E0,10
10729-1,10729,1,50,0.0E0,18
10728-60,10728,60,15,0.0E0,34
10728-55,10728,55,12,0.0E0,24
10728-40,10728,40,6,0.0E0,18.4
10728-30,10728,30,15,0.0E0,25.89
10727-59,10727,59,10,5.000000074505806E-2,55
10727-56,10727,56,10,5.000000074505806E-2,38
10727-17,10727,17,20,5.000000074505806E-2,39
10726-11,10726,11,5,0.0E0,21
10726-4,10726,4,25,0.0E0,22
10725-55,10725,55,6,0.0E0,24
10725-52,10725,52,4,0.0E0,7
10725-41,10725,41,12,0.0E0,9.65
10724-61,10724,61,5,0.0E0,28.5
10724-10,10724,10,16,0.0E0,31
10723-26,10723,26,15,0.0E0,31.23
10722-75,10722,75,42,0.0E0,7.75
10722-68,10722,68,45,0.0E0,12.5
10722-31,10722,31,50,0.0E0,12.5
10722-2,10722,2,3,0.0E0,19
10721-44,10721,44,50,5.000000074505806E-2,19.45
10720-71,10720,71,8,0.0E0,21.5
10720-35,10720,35,21,0.0E0,18
10719-54,10719,54,40,2.5E-1,7.45
10719-30,10719,30,3,2.5E-1,25.89
10719-18,10719,18,12,2.5E-1,62.5
10718-62,10718,62,20,0.0E0,49.3
10718-36,10718,36,40,0.0E0,19
10718-16,10718,16,20,0.0E0,17.45
10718-12,10718,12,36,0.0E0,38
10717-69,10717,69,25,5.000000074505806E-2,36
10717-54,10717,54,15,0.0E0,7.45
10717-21,10717,21,32,5.000000074505806E-2,10
10716-61,10716,61,10,0.0E0,28.5
10716-51,10716,51,7,0.0E0,53
10716-21,10716,21,5,0.0E0,10
10715-71,10715,71,30,0.0E0,21.5
10715-10,10715,10,21,0.0E0,31
10714-58,10714,58,12,2.5E-1,13.25
10714-56,10714,56,18,2.5E-1,38
10714-47,10714,47,50,2.5E-1,9.5
10714-17,10714,17,27,2.5E-1,39
10714-2,10714,2,30,2.5E-1,19
10713-46,10713,46,24,0.0E0,12
10693-69,10693,69,30,1.5000000596046448E-1,36
10693-54,10693,54,60,1.5000000596046448E-1,7.45
10693-9,10693,9,6,0.0E0,97
10692-63,10692,63,20,0.0E0,43.9
10691-62,10691,62,48,0.0E0,49.3
10691-44,10691,44,24,0.0E0,19.45
10691-43,10691,43,40,0.0E0,46
10691-29,10691,29,40,0.0E0,123.79
10691-1,10691,1,30,0.0E0,18
10658-60,10658,60,55,5.000000074505806E-2,34
10658-40,10658,40,70,5.000000074505806E-2,18.4
10658-21,10658,21,60,0.0E0,10
10657-60,10657,60,30,0.0E0,34
10657-56,10657,56,45,0.0E0,38
10657-47,10657,47,10,0.0E0,9.5
10657-46,10657,46,45,0.0E0,12
10657-41,10657,41,24,0.0E0,9.65
10657-15,10657,15,50,0.0E0,15.5
10656-47,10656,47,6,1.0000000149011612E-1,9.5
10656-44,10656,44,28,1.0000000149011612E-1,19.45
10893-30,10893,30,35,0.0E0,25.89
10893-29,10893,29,24,0.0E0,123.79
10893-24,10893,24,10,0.0E0,4.5
10893-8,10893,8,30,0.0E0,40
10892-59,10892,59,40,5.000000074505806E-2,55
10891-30,10891,30,15,5.000000074505806E-2,25.89
10890-41,10890,41,14,0.0E0,9.65
10890-34,10890,34,10,0.0E0,14
10890-17,10890,17,15,0.0E0,39
10889-38,10889,38,40,0.0E0,263.5
10889-11,10889,11,40,0.0E0,21
10888-68,10888,68,18,0.0E0,12.5
10888-2,10888,2,20,0.0E0,19
10887-25,10887,25,5,0.0E0,14
10886-77,10886,77,40,0.0E0,13
10886-31,10886,31,35,0.0E0,12.5
10886-10,10886,10,70,0.0E0,31
10885-77,10885,77,25,0.0E0,13
10885-70,10885,70,30,0.0E0,15
10885-24,10885,24,12,0.0E0,4.5
10885-2,10885,2,20,0.0E0,19
10884-65,10884,65,12,5.000000074505806E-2,21.05
11004-26,11004,26,6,0.0E0,31.23
11003-52,11003,52,10,0.0E0,7
11003-40,11003,40,10,0.0E0,18.4
11003-1,11003,1,4,0.0E0,18
11002-55,11002,55,40,0.0E0,24
11002-42,11002,42,24,1.5000000596046448E-1,14
11002-35,11002,35,15,1.5000000596046448E-1,18
11002-13,11002,13,56,0.0E0,6
11001-55,11001,55,6,0.0E0,24
11001-46,11001,46,25,0.0E0,12
11001-22,11001,22,25,0.0E0,21
11001-7,11001,7,60,0.0E0,30
11000-77,11000,77,30,0.0E0,13
11000-24,11000,24,30,2.5E-1,4.5
11000-4,11000,4,25,2.5E-1,22
10999-77,10999,77,21,5.000000074505806E-2,13
10999-51,10999,51,15,5.000000074505806E-2,53
10999-41,10999,41,20,5.000000074505806E-2,9.65
10998-75,10998,75,30,0.0E0,7.75
10998-74,10998,74,20,0.0E0,10
10998-61,10998,61,7,0.0E0,28.5
10998-24,10998,24,12,0.0E0,4.5
10884-56,10884,56,21,5.000000074505806E-2,38
10884-21,10884,21,40,5.000000074505806E-2,10
10883-24,10883,24,8,0.0E0,4.5
10882-54,10882,54,32,1.5000000596046448E-1,7.45
10882-49,10882,49,20,1.5000000596046448E-1,20
10882-42,10882,42,25,0.0E0,14
10881-73,10881,73,10,0.0E0,15
10880-70,10880,70,50,2.0000000298023224E-1,15
10880-61,10880,61,30,2.0000000298023224E-1,28.5
10880-23,10880,23,30,2.0000000298023224E-1,9
10879-76,10879,76,10,0.0E0,18
10879-65,10879,65,10,0.0E0,21.05
10879-40,10879,40,12,0.0E0,18.4
10878-20,10878,20,20,5.000000074505806E-2,81
10877-18,10877,18,25,0.0E0,62.5
10877-16,10877,16,30,2.5E-1,17.45
10876-64,10876,64,20,0.0E0,33.25
10876-46,10876,46,21,0.0E0,12
10690-56,10690,56,20,2.5E-1,38
10689-1,10689,1,35,2.5E-1,18
10688-34,10688,34,14,0.0E0,14
10688-28,10688,28,60,1.0000000149011612E-1,45.6
10688-10,10688,10,18,1.0000000149011612E-1,31
10687-36,10687,36,6,2.5E-1,19
10687-29,10687,29,10,0.0E0,123.79
10687-9,10687,9,50,2.5E-1,97
10686-26,10686,26,15,0.0E0,31.23
10686-17,10686,17,30,2.0000000298023224E-1,39
10685-47,10685,47,15,0.0E0,9.5
10685-41,10685,41,4,0.0E0,9.65
10685-10,10685,10,20,0.0E0,31
10684-60,10684,60,30,0.0E0,34
10684-47,10684,47,40,0.0E0,9.5
10684-40,10684,40,20,0.0E0,18.4
10683-52,10683,52,9,0.0E0,7
10682-75,10682,75,30,0.0E0,7.75
10682-66,10682,66,4,0.0E0,17
10682-33,10682,33,30,0.0E0,2.5
10681-64,10681,64,28,0.0E0,33.25
10681-21,10681,21,12,1.0000000149011612E-1,10
10681-19,10681,19,30,1.0000000149011612E-1,9.2
10680-42,10680,42,40,2.5E-1,14
10680-31,10680,31,20,2.5E-1,12.5
10680-16,10680,16,50,2.5E-1,17.45
10679-59,10679,59,12,0.0E0,55
10678-54,10678,54,30,0.0E0,7.45
10678-41,10678,41,120,0.0E0,9.65
10678-33,10678,33,30,0.0E0,2.5
10678-12,10678,12,100,0.0E0,38
10677-33,10677,33,8,1.5000000596046448E-1,2.5
10677-26,10677,26,30,1.5000000596046448E-1,31.23
10676-44,10676,44,21,0.0E0,19.45
10676-19,10676,19,7,0.0E0,9.2
10676-10,10676,10,2,0.0E0,31
10675-58,10675,58,30,0.0E0,13.25
10675-53,10675,53,10,0.0E0,32.8
10675-14,10675,14,30,0.0E0,23.25
10674-23,10674,23,5,0.0E0,9
10673-43,10673,43,6,0.0E0,46
10673-42,10673,42,6,0.0E0,14
10673-16,10673,16,3,0.0E0,17.45
10672-71,10672,71,12,0.0E0,21.5
10672-38,10672,38,15,1.0000000149011612E-1,263.5
10671-65,10671,65,12,0.0E0,21.05
10671-62,10671,62,10,0.0E0,49.3
10671-16,10671,16,10,0.0E0,17.45
10670-75,10670,75,25,0.0E0,7.75
10670-73,10670,73,50,0.0E0,15
10670-67,10670,67,25,0.0E0,14
10670-46,10670,46,60,0.0E0,12
10670-23,10670,23,32,0.0E0,9
10669-36,10669,36,30,0.0E0,19
10668-64,10668,64,15,1.0000000149011612E-1,33.25
10668-55,10668,55,4,1.0000000149011612E-1,24
10668-31,10668,31,8,1.0000000149011612E-1,12.5
10667-71,10667,71,14,2.0000000298023224E-1,21.5
10667-69,10667,69,45,2.0000000298023224E-1,36
10666-65,10666,65,10,0.0E0,21.05
10666-29,10666,29,36,0.0E0,123.79
10665-76,10665,76,10,0.0E0,18
10665-59,10665,59,1,0.0E0,55
10665-51,10665,51,20,0.0E0,53
10664-65,10664,65,15,1.5000000596046448E-1,21.05
10664-56,10664,56,12,1.5000000596046448E-1,38
10664-10,10664,10,24,1.5000000596046448E-1,31
10663-51,10663,51,20,5.000000074505806E-2,53
10663-42,10663,42,30,5.000000074505806E-2,14
10663-40,10663,40,30,5.000000074505806E-2,18.4
10662-68,10662,68,10,0.0E0,12.5
10661-58,10661,58,49,2.0000000298023224E-1,13.25
10661-39,10661,39,3,2.0000000298023224E-1,18
10660-20,10660,20,21,0.0E0,81
10659-70,10659,70,40,5.000000074505806E-2,15
10659-40,10659,40,24,5.000000074505806E-2,18.4
10659-31,10659,31,20,5.000000074505806E-2,12.5
10658-77,10658,77,70,5.000000074505806E-2,13
10536-33,10536,33,30,0.0E0,2.5
10536-31,10536,31,20,0.0E0,12.5
10536-12,10536,12,15,2.5E-1,38
10535-59,10535,59,15,1.0000000149011612E-1,55
10535-57,10535,57,5,1.0000000149011612E-1,19.5
10535-40,10535,40,10,1.0000000149011612E-1,18.4
10535-11,10535,11,50,1.0000000149011612E-1,21
10534-54,10534,54,10,2.0000000298023224E-1,7.45
10534-40,10534,40,10,2.0000000298023224E-1,18.4
10534-30,10534,30,10,0.0E0,25.89
10533-73,10533,73,24,5.000000074505806E-2,15
10533-72,10533,72,24,0.0E0,34.8
10533-4,10533,4,50,5.000000074505806E-2,22
10532-66,10532,66,24,0.0E0,17
10532-30,10532,30,15,0.0E0,25.89
10531-59,10531,59,2,0.0E0,55
10530-76,10530,76,50,0.0E0,18
10530-61,10530,61,20,0.0E0,28.5
10530-43,10530,43,25,0.0E0,46
10530-17,10530,17,40,0.0E0,39
10529-69,10529,69,10,0.0E0,36
10529-68,10529,68,20,0.0E0,12.5
10529-55,10529,55,14,0.0E0,24
10528-72,10528,72,9,0.0E0,34.8
10528-33,10528,33,8,2.0000000298023224E-1,2.5
10528-11,10528,11,3,0.0E0,21
10527-36,10527,36,30,1.0000000149011612E-1,19
10527-4,10527,4,50,1.0000000149011612E-1,22
10526-56,10526,56,30,1.5000000596046448E-1,38
10526-13,10526,13,10,0.0E0,6
10526-1,10526,1,8,1.5000000596046448E-1,18
10525-40,10525,40,15,1.0000000149011612E-1,18.4
10525-36,10525,36,30,0.0E0,19
10524-54,10524,54,15,0.0E0,7.45
10524-43,10524,43,60,0.0E0,46
10524-30,10524,30,10,0.0E0,25.89
10524-10,10524,10,2,0.0E0,31
10523-41,10523,41,6,1.0000000149011612E-1,9.65
10523-37,10523,37,18,1.0000000149011612E-1,26
10523-20,10523,20,15,1.0000000149011612E-1,81
10523-17,10523,17,25,1.0000000149011612E-1,39
10522-40,10522,40,25,2.0000000298023224E-1,18.4
10522-30,10522,30,20,2.0000000298023224E-1,25.89
10522-8,10522,8,24,0.0E0,40
10522-1,10522,1,40,2.0000000298023224E-1,18
10521-68,10521,68,6,0.0E0,12.5
10521-41,10521,41,10,0.0E0,9.65
10521-35,10521,35,3,0.0E0,18
10520-53,10520,53,5,0.0E0,32.8
10520-24,10520,24,8,0.0E0,4.5
10519-60,10519,60,10,5.000000074505806E-2,34
10498-24,10498,24,14,0.0E0,4.5
10497-77,10497,77,25,0.0E0,10.4
10497-72,10497,72,25,0.0E0,27.8
10497-56,10497,56,14,0.0E0,30.4
10496-31,10496,31,20,5.000000074505806E-2,10
10495-77,10495,77,5,0.0E0,10.4
10495-41,10495,41,20,0.0E0,7.7
10495-23,10495,23,10,0.0E0,7.2
10494-56,10494,56,30,0.0E0,30.4
10493-69,10493,69,10,1.0000000149011612E-1,28.8
10493-66,10493,66,10,1.0000000149011612E-1,13.6
10493-65,10493,65,15,1.0000000149011612E-1,16.8
10492-42,10492,42,20,5.000000074505806E-2,11.2
10492-25,10492,25,60,5.000000074505806E-2,11.2
10491-77,10491,77,7,1.5000000596046448E-1,10.4
10491-44,10491,44,15,1.5000000596046448E-1,15.5
10490-75,10490,75,36,0.0E0,6.2
10490-68,10490,68,30,0.0E0,10
10490-59,10490,59,60,0.0E0,44
10489-16,10489,16,18,0.0E0,13.9
10489-11,10489,11,15,2.5E-1,16.8
10987-43,10987,43,6,0.0E0,46
10987-7,10987,7,60,0.0E0,30
10986-77,10986,77,15,0.0E0,13
10986-76,10986,76,10,0.0E0,18
10986-20,10986,20,15,0.0E0,81
10986-11,10986,11,30,0.0E0,21
10985-32,10985,32,35,1.0000000149011612E-1,32
10985-18,10985,18,8,1.0000000149011612E-1,62.5
10985-16,10985,16,36,1.0000000149011612E-1,17.45
10984-36,10984,36,40,0.0E0,19
10984-24,10984,24,20,0.0E0,4.5
10984-16,10984,16,55,0.0E0,17.45
10983-57,10983,57,15,0.0E0,19.5
10983-13,10983,13,84,1.5000000596046448E-1,6
10982-43,10982,43,9,0.0E0,46
10982-7,10982,7,20,0.0E0,30
10981-38,10981,38,60,0.0E0,263.5
10980-75,10980,75,40,2.0000000298023224E-1,7.75
10979-63,10979,63,35,0.0E0,43.9
10979-31,10979,31,24,0.0E0,12.5
10979-27,10979,27,30,0.0E0,43.9
10979-24,10979,24,80,0.0E0,4.5
10979-12,10979,12,20,0.0E0,38
10979-7,10979,7,18,0.0E0,30
10978-44,10978,44,6,1.5000000596046448E-1,19.45
10978-40,10978,40,10,0.0E0,18.4
10978-21,10978,21,40,1.5000000596046448E-1,10
10978-8,10978,8,20,1.5000000596046448E-1,40
10977-63,10977,63,20,0.0E0,43.9
10977-51,10977,51,10,0.0E0,53
10977-47,10977,47,30,0.0E0,9.5
10977-39,10977,39,30,0.0E0,18
10976-28,10976,28,20,0.0E0,45.6
10975-75,10975,75,10,0.0E0,7.75
10918-1,10918,1,60,2.5E-1,18
10917-60,10917,60,10,0.0E0,34
10917-30,10917,30,1,0.0E0,25.89
10916-57,10916,57,20,0.0E0,19.5
10846-4,10846,4,21,0.0E0,22
10845-64,10845,64,48,0.0E0,33.25
10845-58,10845,58,60,1.0000000149011612E-1,13.25
10845-42,10845,42,42,1.0000000149011612E-1,14
10845-35,10845,35,25,1.0000000149011612E-1,18
10845-23,10845,23,70,1.0000000149011612E-1,9
10844-22,10844,22,35,0.0E0,21
10843-51,10843,51,4,2.5E-1,53
10842-70,10842,70,12,0.0E0,15
10842-68,10842,68,20,0.0E0,12.5
10842-43,10842,43,5,0.0E0,46
10842-11,10842,11,15,0.0E0,21
10841-77,10841,77,15,0.0E0,13
10841-59,10841,59,50,0.0E0,55
10841-56,10841,56,30,0.0E0,38
10841-10,10841,10,16,0.0E0,31
10840-39,10840,39,10,2.0000000298023224E-1,18
10840-25,10840,25,6,2.0000000298023224E-1,14
10839-72,10839,72,15,1.0000000149011612E-1,34.8
10839-58,10839,58,30,1.0000000149011612E-1,13.25
10838-36,10838,36,50,2.5E-1,19
10838-18,10838,18,25,2.5E-1,62.5
10838-1,10838,1,4,2.5E-1,18
10837-76,10837,76,21,2.5E-1,18
10837-47,10837,47,40,2.5E-1,9.5
10837-40,10837,40,25,0.0E0,18.4
10837-13,10837,13,6,0.0E0,6
10836-64,10836,64,30,0.0E0,33.25
10836-60,10836,60,60,0.0E0,34
10836-57,10836,57,24,0.0E0,19.5
10836-35,10836,35,6,0.0E0,18
10836-22,10836,22,52,0.0E0,21
10835-77,10835,77,2,2.0000000298023224E-1,13
10835-59,10835,59,15,0.0E0,55
10834-30,10834,30,20,5.000000074505806E-2,25.89
10834-29,10834,29,8,5.000000074505806E-2,123.79
10656-14,10656,14,3,1.0000000149011612E-1,23.25
10655-41,10655,41,20,2.0000000298023224E-1,9.65
10654-54,10654,54,6,1.0000000149011612E-1,7.45
10654-39,10654,39,20,1.0000000149011612E-1,18
10654-4,10654,4,12,1.0000000149011612E-1,22
10653-60,10653,60,20,1.0000000149011612E-1,34
10653-16,10653,16,30,1.0000000149011612E-1,17.45
10652-42,10652,42,20,0.0E0,14
10652-30,10652,30,2,2.5E-1,25.89
10651-22,10651,22,20,2.5E-1,21
10651-19,10651,19,12,2.5E-1,9.2
10650-54,10650,54,30,0.0E0,7.45
10650-53,10650,53,25,5.000000074505806E-2,32.8
10650-30,10650,30,30,0.0E0,25.89
10625-60,10625,60,10,0.0E0,34
10625-42,10625,42,5,0.0E0,14
10625-14,10625,14,3,0.0E0,23.25
10624-44,10624,44,10,0.0E0,19.45
10624-29,10624,29,6,0.0E0,123.79
10624-28,10624,28,10,0.0E0,45.6
10623-35,10623,35,30,1.0000000149011612E-1,18
10623-24,10623,24,3,0.0E0,4.5
10623-21,10623,21,25,1.0000000149011612E-1,10
10623-19,10623,19,15,1.0000000149011612E-1,9.2
10623-14,10623,14,21,0.0E0,23.25
10622-68,10622,68,18,2.0000000298023224E-1,12.5
10622-2,10622,2,20,0.0E0,19
10621-71,10621,71,15,0.0E0,21.5
10621-70,10621,70,20,0.0E0,15
10621-23,10621,23,10,0.0E0,9
10621-19,10621,19,5,0.0E0,9.2
10620-52,10620,52,5,0.0E0,7
10620-24,10620,24,5,0.0E0,4.5
10619-22,10619,22,40,0.0E0,21
10619-21,10619,21,42,0.0E0,10
10618-68,10618,68,15,0.0E0,12.5
10618-56,10618,56,20,0.0E0,38
10618-6,10618,6,70,0.0E0,25
10617-59,10617,59,30,1.5000000596046448E-1,55
10616-71,10616,71,15,5.000000074505806E-2,21.5
10616-70,10616,70,15,5.000000074505806E-2,15
10616-56,10616,56,14,0.0E0,38
10616-38,10616,38,15,5.000000074505806E-2,263.5
10615-55,10615,55,5,0.0E0,24
10614-39,10614,39,5,0.0E0,18
10614-21,10614,21,8,0.0E0,10
10614-11,10614,11,14,0.0E0,21
10613-75,10613,75,40,0.0E0,7.75
10613-13,10613,13,8,1.0000000149011612E-1,6
10612-76,10612,76,80,0.0E0,18
10612-60,10612,60,40,0.0E0,34
10612-49,10612,49,18,0.0E0,20
10612-36,10612,36,55,0.0E0,19
10612-10,10612,10,70,0.0E0,31
10611-60,10611,60,15,0.0E0,34
10611-2,10611,2,10,0.0E0,19
10611-1,10611,1,6,0.0E0,18
10610-36,10610,36,21,2.5E-1,19
10609-21,10609,21,6,0.0E0,10
10609-10,10609,10,10,0.0E0,31
10609-1,10609,1,3,0.0E0,18
10608-56,10608,56,28,0.0E0,38
10607-72,10607,72,12,0.0E0,34.8
10607-40,10607,40,42,0.0E0,18.4
10607-33,10607,33,14,0.0E0,2.5
10607-17,10607,17,100,0.0E0,39
10607-7,10607,7,45,0.0E0,30
10711-53,10711,53,120,0.0E0,32.8
10711-41,10711,41,42,0.0E0,9.65
10711-19,10711,19,12,0.0E0,9.2
10710-47,10710,47,5,0.0E0,9.5
10710-19,10710,19,5,0.0E0,9.2
10709-60,10709,60,10,0.0E0,34
10709-51,10709,51,28,0.0E0,53
10709-8,10709,8,40,0.0E0,40
10708-36,10708,36,5,0.0E0,19
10776-45,10776,45,27,5.000000074505806E-2,9.5
10376-31,10376,31,42,5.000000074505806E-2,10
10375-54,10375,54,10,0.0E0,5.9
10375-14,10375,14,15,0.0E0,18.6
10374-58,10374,58,15,0.0E0,10.6
10374-31,10374,31,30,0.0E0,10
10373-71,10373,71,50,2.0000000298023224E-1,17.2
10373-58,10373,58,80,2.0000000298023224E-1,10.6
10372-72,10372,72,42,2.5E-1,27.8
10372-60,10372,60,70,2.5E-1,27.2
10372-38,10372,38,40,2.5E-1,210.8
10372-20,10372,20,12,2.5E-1,64.8
10371-36,10371,36,6,2.0000000298023224E-1,15.2
10370-74,10370,74,20,1.5000000596046448E-1,8
10370-64,10370,64,30,0.0E0,26.6
10370-1,10370,1,15,1.5000000596046448E-1,14.4
10369-56,10369,56,18,2.5E-1,30.4
10369-29,10369,29,20,0.0E0,99
10368-64,10368,64,35,1.0000000149011612E-1,26.6
10368-57,10368,57,25,0.0E0,15.6
10368-28,10368,28,13,1.0000000149011612E-1,36.4
10368-21,10368,21,5,1.0000000149011612E-1,8
10367-77,10367,77,7,0.0E0,10.4
10367-65,10367,65,15,0.0E0,16.8
10367-54,10367,54,18,0.0E0,5.9
10367-34,10367,34,36,0.0E0,11.2
10366-77,10366,77,5,0.0E0,10.4
10366-65,10366,65,5,0.0E0,16.8
10365-11,10365,11,24,0.0E0,16.8
10364-71,10364,71,5,0.0E0,17.2
10364-69,10364,69,30,0.0E0,28.8
10363-76,10363,76,12,0.0E0,14.4
10363-75,10363,75,12,0.0E0,6.2
10363-31,10363,31,20,0.0E0,10
10362-54,10362,54,24,0.0E0,5.9
10362-51,10362,51,20,0.0E0,42.4
10362-25,10362,25,50,0.0E0,11.2
10361-60,10361,60,55,1.0000000149011612E-1,27.2
10361-39,10361,39,54,1.0000000149011612E-1,14.4
10360-54,10360,54,28,0.0E0,5.9
10360-49,10360,49,35,0.0E0,16
10360-38,10360,38,10,0.0E0,210.8
10360-29,10360,29,35,0.0E0,99
10360-28,10360,28,30,0.0E0,36.4
10359-60,10359,60,80,5.000000074505806E-2,27.2
10359-31,10359,31,70,5.000000074505806E-2,10
10359-16,10359,16,56,5.000000074505806E-2,13.9
10358-36,10358,36,20,5.000000074505806E-2,15.2
10358-34,10358,34,10,5.000000074505806E-2,11.2
10358-24,10358,24,10,5.000000074505806E-2,3.6
10357-60,10357,60,8,2.0000000298023224E-1,27.2
10357-26,10357,26,16,0.0E0,24.9
10357-10,10357,10,30,2.0000000298023224E-1,24.8
10356-69,10356,69,20,0.0E0,28.8
10356-55,10356,55,12,0.0E0,19.2
10356-31,10356,31,30,0.0E0,10
10355-57,10355,57,25,0.0E0,15.6
10335-2,10335,2,7,2.0000000298023224E-1,15.2
10334-68,10334,68,10,0.0E0,10
10334-52,10334,52,8,0.0E0,5.6
10333-71,10333,71,40,1.0000000149011612E-1,17.2
10333-21,10333,21,10,1.0000000149011612E-1,8
10828-20,10828,20,5,0.0E0,81
10780-70,10780,70,35,0.0E0,15
10779-62,10779,62,20,0.0E0,49.3
10779-16,10779,16,20,0.0E0,17.45
10778-41,10778,41,10,0.0E0,9.65
10777-42,10777,42,20,2.0000000298023224E-1,14
10776-51,10776,51,120,5.000000074505806E-2,53
10740-35,10740,35,35,2.0000000298023224E-1,18
10740-28,10740,28,5,2.0000000298023224E-1,45.6
10739-52,10739,52,18,0.0E0,7
10739-36,10739,36,6,0.0E0,19
10738-16,10738,16,3,0.0E0,17.45
10737-41,10737,41,12,0.0E0,9.65
10737-13,10737,13,4,0.0E0,6
10736-75,10736,75,20,0.0E0,7.75
10736-65,10736,65,40,0.0E0,21.05
10735-77,10735,77,2,1.0000000149011612E-1,13
10735-61,10735,61,20,1.0000000149011612E-1,28.5
10486-11,10486,11,5,0.0E0,16.8
10485-70,10485,70,60,1.0000000149011612E-1,12
10485-55,10485,55,30,1.0000000149011612E-1,19.2
10485-3,10485,3,20,1.0000000149011612E-1,8
10485-2,10485,2,20,1.0000000149011612E-1,15.2
10484-51,10484,51,3,0.0E0,42.4
10484-40,10484,40,10,0.0E0,14.7
10484-21,10484,21,14,0.0E0,8
10483-77,10483,77,30,5.000000074505806E-2,10.4
10483-34,10483,34,35,5.000000074505806E-2,11.2
10482-40,10482,40,10,0.0E0,14.7
10481-60,10481,60,40,0.0E0,27.2
10569-76,10569,76,30,0.0E0,18
10569-31,10569,31,35,2.0000000298023224E-1,12.5
10568-10,10568,10,5,0.0E0,31
10567-59,10567,59,40,2.0000000298023224E-1,55
10567-51,10567,51,3,0.0E0,53
10567-31,10567,31,60,2.0000000298023224E-1,12.5
10566-76,10566,76,10,0.0E0,18
10566-18,10566,18,18,1.5000000596046448E-1,62.5
10566-11,10566,11,35,1.5000000596046448E-1,21
10565-64,10565,64,18,1.0000000149011612E-1,33.25
10565-24,10565,24,25,1.0000000149011612E-1,4.5
10564-55,10564,55,25,5.000000074505806E-2,24
10564-31,10564,31,6,5.000000074505806E-2,12.5
10564-17,10564,17,16,5.000000074505806E-2,39
10563-52,10563,52,70,0.0E0,7
10563-36,10563,36,25,0.0E0,19
10562-62,10562,62,10,1.0000000149011612E-1,49.3
10562-33,10562,33,20,1.0000000149011612E-1,2.5
10561-51,10561,51,50,0.0E0,53
10561-44,10561,44,10,0.0E0,19.45
10560-62,10560,62,15,2.5E-1,49.3
10560-30,10560,30,20,0.0E0,25.89
10559-55,10559,55,18,5.000000074505806E-2,24
10559-41,10559,41,12,5.000000074505806E-2,9.65
10558-73,10558,73,3,0.0E0,15
10558-53,10558,53,18,0.0E0,32.8
10558-52,10558,52,30,0.0E0,7
10558-51,10558,51,20,0.0E0,53
10558-47,10558,47,25,0.0E0,9.5
10557-75,10557,75,20,0.0E0,7.75
10519-56,10519,56,40,0.0E0,38
10519-10,10519,10,16,5.000000074505806E-2,31
10518-44,10518,44,9,0.0E0,19.45
10518-38,10518,38,15,0.0E0,263.5
10518-24,10518,24,5,0.0E0,4.5
10517-70,10517,70,6,0.0E0,15
10517-59,10517,59,4,0.0E0,55
10517-52,10517,52,6,0.0E0,7
10516-42,10516,42,20,0.0E0,14
10516-41,10516,41,80,1.0000000149011612E-1,9.65
10516-18,10516,18,25,1.0000000149011612E-1,62.5
10515-60,10515,60,84,1.5000000596046448E-1,34
10515-33,10515,33,16,1.5000000596046448E-1,2.5
10515-27,10515,27,120,0.0E0,43.9
10440-61,10440,61,90,1.5000000596046448E-1,22.8
10440-29,10440,29,24,1.5000000596046448E-1,99
10440-16,10440,16,49,1.5000000596046448E-1,13.9
10440-2,10440,2,45,1.5000000596046448E-1,15.2
10439-74,10439,74,30,0.0E0,8
10439-64,10439,64,6,0.0E0,26.6
10439-16,10439,16,16,0.0E0,13.9
10439-12,10439,12,15,0.0E0,30.4
10438-57,10438,57,15,2.0000000298023224E-1,15.6
10438-34,10438,34,20,2.0000000298023224E-1,11.2
10438-19,10438,19,15,2.0000000298023224E-1,7.3
10437-53,10437,53,15,0.0E0,26.2
10436-75,10436,75,24,1.0000000149011612E-1,6.2
10436-64,10436,64,30,1.0000000149011612E-1,26.6
10436-56,10436,56,40,1.0000000149011612E-1,30.4
10436-46,10436,46,5,0.0E0,9.6
10435-72,10435,72,10,0.0E0,27.8
10435-22,10435,22,12,0.0E0,16.8
10435-2,10435,2,10,0.0E0,15.2
10434-76,10434,76,18,1.5000000596046448E-1,14.4
10434-11,10434,11,6,0.0E0,16.8
10433-56,10433,56,28,0.0E0,30.4
10410-33,10410,33,49,0.0E0,2
11072-41,11072,41,40,0.0E0,9.65
10648-24,10648,24,15,1.5000000596046448E-1,4.5
10648-22,10648,22,15,0.0E0,21
10647-39,10647,39,20,0.0E0,18
10647-19,10647,19,30,0.0E0,9.2
10646-77,10646,77,35,2.5E-1,13
10646-71,10646,71,30,2.5E-1,21.5
10646-10,10646,10,18,2.5E-1,31
10646-1,10646,1,15,2.5E-1,18
10645-36,10645,36,15,0.0E0,19
10645-18,10645,18,20,0.0E0,62.5
10644-46,10644,46,21,1.0000000149011612E-1,12
10644-43,10644,43,20,0.0E0,46
10644-18,10644,18,4,1.0000000149011612E-1,62.5
10643-46,10643,46,2,2.5E-1,12
10643-39,10643,39,21,2.5E-1,18
10643-28,10643,28,15,2.5E-1,45.6
10642-61,10642,61,20,2.0000000298023224E-1,28.5
10642-21,10642,21,30,2.0000000298023224E-1,10
10641-40,10641,40,60,0.0E0,18.4
10641-2,10641,2,50,0.0E0,19
10640-70,10640,70,15,2.5E-1,15
10640-69,10640,69,20,2.5E-1,36
10639-18,10639,18,8,0.0E0,62.5
10638-72,10638,72,60,0.0E0,34.8
10638-65,10638,65,21,0.0E0,21.05
10596-75,10596,75,30,2.0000000298023224E-1,7.75
10596-63,10596,63,24,2.0000000298023224E-1,43.9
10596-56,10596,56,5,2.0000000298023224E-1,38
10595-69,10595,69,65,2.5E-1,36
10595-61,10595,61,120,2.5E-1,28.5
10595-35,10595,35,30,2.5E-1,18
10594-58,10594,58,30,0.0E0,13.25
10594-52,10594,52,24,0.0E0,7
10593-76,10593,76,4,2.0000000298023224E-1,18
10593-69,10593,69,20,2.0000000298023224E-1,36
10593-20,10593,20,21,2.0000000298023224E-1,81
10592-26,10592,26,5,5.000000074505806E-2,31.23
10592-15,10592,15,25,5.000000074505806E-2,15.5
10591-54,10591,54,50,0.0E0,7.45
10591-7,10591,7,10,0.0E0,30
10591-3,10591,3,14,0.0E0,10
10590-77,10590,77,60,5.000000074505806E-2,13
10590-1,10590,1,20,0.0E0,18
10589-35,10589,35,4,0.0E0,18
10588-42,10588,42,100,2.0000000298023224E-1,14
10588-18,10588,18,40,2.0000000298023224E-1,62.5
10587-77,10587,77,20,0.0E0,13
10587-35,10587,35,20,0.0E0,18
10587-26,10587,26,6,0.0E0,31.23
10586-52,10586,52,4,1.5000000596046448E-1,7
10585-47,10585,47,15,0.0E0,9.5
10584-31,10584,31,50,5.000000074505806E-2,12.5
10583-69,10583,69,10,1.5000000596046448E-1,36
10583-60,10583,60,24,1.5000000596046448E-1,34
10583-29,10583,29,10,0.0E0,123.79
10582-76,10582,76,14,0.0E0,18
10582-57,10582,57,4,0.0E0,19.5
10581-75,10581,75,50,2.0000000298023224E-1,7.75
10580-65,10580,65,30,5.000000074505806E-2,21.05
10580-41,10580,41,9,5.000000074505806E-2,9.65
10580-14,10580,14,15,5.000000074505806E-2,23.25
10579-75,10579,75,21,0.0E0,7.75
10579-15,10579,15,10,0.0E0,15.5
10557-64,10557,64,30,0.0E0,33.25
10556-72,10556,72,24,0.0E0,34.8
10555-56,10555,56,40,2.0000000298023224E-1,38
10555-51,10555,51,20,2.0000000298023224E-1,53
10555-24,10555,24,18,2.0000000298023224E-1,4.5
10555-19,10555,19,35,2.0000000298023224E-1,9.2
10555-14,10555,14,30,2.0000000298023224E-1,23.25
10290-29,10290,29,15,0.0E0,99
10290-5,10290,5,20,0.0E0,17
10289-64,10289,64,9,0.0E0,26.6
10289-3,10289,3,30,0.0E0,8
10288-68,10288,68,3,1.0000000149011612E-1,10
10288-54,10288,54,10,1.0000000149011612E-1,5.9
10287-46,10287,46,15,1.5000000596046448E-1,9.6
10287-34,10287,34,20,0.0E0,11.2
10287-16,10287,16,40,1.5000000596046448E-1,13.9
10286-62,10286,62,40,0.0E0,39.4
10286-35,10286,35,100,0.0E0,14.4
10285-53,10285,53,36,2.0000000298023224E-1,26.2
10285-40,10285,40,40,2.0000000298023224E-1,14.7
10285-1,10285,1,45,2.0000000298023224E-1,14.4
10284-67,10284,67,5,2.5E-1,11.2
10284-60,10284,60,20,2.5E-1,27.2
10284-44,10284,44,21,0.0E0,15.5
10284-27,10284,27,15,2.5E-1,35.1
10283-72,10283,72,3,0.0E0,27.8
10260-62,10260,62,15,2.5E-1,39.4
10260-57,10260,57,50,0.0E0,15.6
10260-41,10260,41,16,2.5E-1,7.7
10259-37,10259,37,1,0.0E0,20.8
10259-21,10259,21,10,0.0E0,8
10258-32,10258,32,6,2.0000000298023224E-1,25.6
10258-5,10258,5,65,2.0000000298023224E-1,17
10258-2,10258,2,50,2.0000000298023224E-1,15.2
10257-77,10257,77,15,0.0E0,10.4
10257-39,10257,39,6,0.0E0,14.4
10257-27,10257,27,25,0.0E0,35.1
10256-77,10256,77,12,0.0E0,10.4
10256-53,10256,53,15,0.0E0,26.2
10255-59,10255,59,30,0.0E0,44
10255-36,10255,36,25,0.0E0,15.2
10255-16,10255,16,35,0.0E0,13.9
10255-2,10255,2,20,0.0E0,15.2
10254-74,10254,74,21,0.0E0,8
10254-55,10254,55,21,1.5000000596046448E-1,19.2
10254-24,10254,24,15,1.5000000596046448E-1,3.6
10253-49,10253,49,40,0.0E0,16
10253-39,10253,39,42,0.0E0,14.4
10253-31,10253,31,20,0.0E0,10
10515-16,10515,16,50,0.0E0,17.45
10542-54,10542,54,24,5.000000074505806E-2,7.45
10542-11,10542,11,15,5.000000074505806E-2,21
10541-71,10541,71,9,1.0000000149011612E-1,21.5
10541-65,10541,65,36,1.0000000149011612E-1,21.05
10541-38,10541,38,4,1.0000000149011612E-1,263.5
10541-24,10541,24,35,1.0000000149011612E-1,4.5
10540-68,10540,68,35,0.0E0,12.5
10540-38,10540,38,30,0.0E0,263.5
10540-26,10540,26,40,0.0E0,31.23
10540-3,10540,3,60,0.0E0,10
10539-49,10539,49,6,0.0E0,20
10539-33,10539,33,15,0.0E0,2.5
10539-21,10539,21,15,0.0E0,10
10539-13,10539,13,8,0.0E0,6
10538-72,10538,72,1,0.0E0,34.8
10538-70,10538,70,7,0.0E0,15
10537-73,10537,73,9,0.0E0,15
10537-72,10537,72,21,0.0E0,34.8
10537-58,10537,58,20,0.0E0,13.25
10537-51,10537,51,6,0.0E0,53
10537-31,10537,31,30,0.0E0,12.5
10536-60,10536,60,35,2.5E-1,34
10418-2,10418,2,60,0.0E0,15.2
10417-77,10417,77,35,0.0E0,10.4
10417-68,10417,68,36,2.5E-1,10
10417-46,10417,46,2,2.5E-1,9.6
10417-38,10417,38,50,0.0E0,210.8
10416-57,10416,57,20,0.0E0,15.6
10416-53,10416,53,10,0.0E0,26.2
10416-19,10416,19,20,0.0E0,7.3
10415-33,10415,33,20,0.0E0,2
10415-17,10415,17,2,0.0E0,31.2
10414-33,10414,33,50,0.0E0,2
10414-19,10414,19,18,5.000000074505806E-2,7.3
10413-76,10413,76,14,0.0E0,14.4
10413-62,10413,62,40,0.0E0,39.4
10413-1,10413,1,24,0.0E0,14.4
10412-14,10412,14,20,1.0000000149011612E-1,18.6
10411-59,10411,59,9,2.0000000298023224E-1,44
10411-44,10411,44,40,2.0000000298023224E-1,15.5
10411-41,10411,41,25,2.0000000298023224E-1,7.7
10410-59,10410,59,16,0.0E0,44
10389-62,10389,62,20,0.0E0,39.4
10389-55,10389,55,15,0.0E0,19.2
10389-10,10389,10,16,0.0E0,24.8
10388-53,10388,53,40,0.0E0,26.2
10388-52,10388,52,20,2.0000000298023224E-1,5.6
10388-45,10388,45,15,2.0000000298023224E-1,7.6
10387-71,10387,71,15,0.0E0,17.2
10387-59,10387,59,12,0.0E0,44
10387-28,10387,28,6,0.0E0,36.4
10387-24,10387,24,15,0.0E0,3.6
10386-34,10386,34,10,0.0E0,11.2
10386-24,10386,24,15,0.0E0,3.6
10385-68,10385,68,8,2.0000000298023224E-1,10
10385-60,10385,60,20,2.0000000298023224E-1,27.2
10355-24,10355,24,25,0.0E0,3.6
10354-29,10354,29,4,0.0E0,99
10354-1,10354,1,12,0.0E0,14.4
10353-38,10353,38,50,2.0000000298023224E-1,210.8
10353-11,10353,11,12,2.0000000298023224E-1,16.8
10352-54,10352,54,20,1.5000000596046448E-1,5.9
10352-24,10352,24,10,0.0E0,3.6
10351-65,10351,65,10,5.000000074505806E-2,16.8
10351-44,10351,44,77,5.000000074505806E-2,15.5
10351-41,10351,41,13,0.0E0,7.7
10351-38,10351,38,20,5.000000074505806E-2,210.8
10350-69,10350,69,18,1.0000000149011612E-1,28.8
10350-50,10350,50,15,1.0000000149011612E-1,13
10349-54,10349,54,24,0.0E0,5.9
10348-23,10348,23,25,0.0E0,7.2
10348-1,10348,1,15,1.5000000596046448E-1,14.4
10347-75,10347,75,6,1.5000000596046448E-1,6.2
10347-40,10347,40,4,0.0E0,14.7
10347-39,10347,39,50,1.5000000596046448E-1,14.4
10347-25,10347,25,10,0.0E0,11.2
10346-56,10346,56,20,0.0E0,30.4
10326-4,10326,4,24,0.0E0,17.6
10325-72,10325,72,40,0.0E0,27.8
10325-31,10325,31,4,0.0E0,10
10325-14,10325,14,9,0.0E0,18.6
10325-13,10325,13,12,0.0E0,4.8
10325-6,10325,6,6,0.0E0,20
10324-63,10324,63,80,1.5000000596046448E-1,35.1
10324-59,10324,59,40,1.5000000596046448E-1,44
10324-46,10324,46,30,0.0E0,9.6
10324-35,10324,35,70,1.5000000596046448E-1,14.4
10324-16,10324,16,21,1.5000000596046448E-1,13.9
10323-39,10323,39,4,0.0E0,14.4
10323-25,10323,25,4,0.0E0,11.2
10323-15,10323,15,5,0.0E0,12.4
10322-52,10322,52,20,0.0E0,5.6
10321-35,10321,35,10,0.0E0,14.4
10320-71,10320,71,30,0.0E0,17.2
10319-76,10319,76,30,0.0E0,14.4
10319-28,10319,28,14,0.0E0,36.4
10319-17,10319,17,8,0.0E0,31.2
10318-76,10318,76,6,0.0E0,14.4
10318-41,10318,41,20,0.0E0,7.7
10317-1,10317,1,20,0.0E0,14.4
10813-2,10813,2,12,2.0000000298023224E-1,19
10812-77,10812,77,20,0.0E0,13
10812-72,10812,72,40,1.0000000149011612E-1,34.8
10812-31,10812,31,16,1.0000000149011612E-1,12.5
10811-40,10811,40,30,0.0E0,18.4
10811-23,10811,23,18,0.0E0,9
10811-19,10811,19,15,0.0E0,9.2
10810-70,10810,70,5,0.0E0,15
10810-25,10810,25,5,0.0E0,14
10810-13,10810,13,7,0.0E0,6
10809-52,10809,52,20,0.0E0,7
10808-76,10808,76,50,1.5000000596046448E-1,18
10808-56,10808,56,20,1.5000000596046448E-1,38
10807-40,10807,40,1,0.0E0,18.4
10806-74,10806,74,15,2.5E-1,10
10806-65,10806,65,2,0.0E0,21.05
10806-2,10806,2,20,2.5E-1,19
10805-38,10805,38,10,0.0E0,263.5
10805-34,10805,34,10,0.0E0,14
10804-49,10804,49,4,1.5000000596046448E-1,20
10804-28,10804,28,24,0.0E0,45.6
10804-10,10804,10,36,0.0E0,31
10803-59,10803,59,15,5.000000074505806E-2,55
10803-25,10803,25,15,5.000000074505806E-2,14
10803-19,10803,19,24,5.000000074505806E-2,9.2
10802-62,10802,62,5,2.5E-1,49.3
10802-55,10802,55,60,2.5E-1,24
10802-51,10802,51,30,2.5E-1,53
10802-30,10802,30,25,2.5E-1,25.89
10801-29,10801,29,20,2.5E-1,123.79
10801-17,10801,17,40,2.5E-1,39
10800-54,10800,54,7,1.0000000149011612E-1,7.45
10800-51,10800,51,10,1.0000000149011612E-1,53
10800-11,10800,11,50,1.0000000149011612E-1,21
10799-59,10799,59,25,0.0E0,55
10799-24,10799,24,20,1.5000000596046448E-1,4.5
10799-13,10799,13,20,1.5000000596046448E-1,6
10798-72,10798,72,10,0.0E0,34.8
10798-62,10798,62,2,0.0E0,49.3
10797-11,10797,11,20,0.0E0,21
10796-69,10796,69,24,2.0000000298023224E-1,36
10796-64,10796,64,35,2.0000000298023224E-1,33.25
10796-44,10796,44,10,0.0E0,19.45
10796-26,10796,26,21,2.0000000298023224E-1,31.23
10795-17,10795,17,35,2.5E-1,39
10795-16,10795,16,65,0.0E0,17.45
11072-2,11072,2,8,0.0E0,19
11071-13,11071,13,10,5.000000074505806E-2,6
11071-7,11071,7,15,5.000000074505806E-2,30
11070-31,11070,31,20,0.0E0,12.5
11070-16,11070,16,30,1.5000000596046448E-1,17.45
11070-2,11070,2,20,1.5000000596046448E-1,19
11070-1,11070,1,40,1.5000000596046448E-1,18
11069-39,11069,39,20,0.0E0,18
11068-77,11068,77,28,1.5000000596046448E-1,13
11068-43,11068,43,36,1.5000000596046448E-1,46
11068-28,11068,28,8,1.5000000596046448E-1,45.6
11067-41,11067,41,9,0.0E0,9.65
11066-34,11066,34,35,0.0E0,14
11066-19,11066,19,42,0.0E0,9.2
11066-16,11066,16,3,0.0E0,17.45
11065-54,11065,54,20,2.5E-1,7.45
11065-30,11065,30,4,2.5E-1,25.89
11064-68,11064,68,55,0.0E0,12.5
11064-55,11064,55,4,1.0000000149011612E-1,24
11064-53,11064,53,25,1.0000000149011612E-1,32.8
11064-41,11064,41,12,0.0E0,9.65
11064-17,11064,17,77,1.0000000149011612E-1,39
11063-41,11063,41,30,1.0000000149011612E-1,9.65
11063-40,11063,40,40,1.0000000149011612E-1,18.4
11063-34,11063,34,30,0.0E0,14
11062-70,11062,70,12,2.0000000298023224E-1,15
11062-53,11062,53,10,2.0000000298023224E-1,32.8
11061-60,11061,60,15,0.0E0,34
11060-77,11060,77,10,0.0E0,13
11060-60,11060,60,4,0.0E0,34
11059-60,11059,60,35,0.0E0,34
11059-17,11059,17,12,0.0E0,39
11059-13,11059,13,30,0.0E0,6
11058-61,11058,61,4,0.0E0,28.5
11058-60,11058,60,21,0.0E0,34
11058-21,11058,21,3,0.0E0,10
11057-70,11057,70,3,0.0E0,15
11056-60,11056,60,50,0.0E0,34
11056-55,11056,55,35,0.0E0,24
11056-7,11056,7,40,0.0E0,30
11055-57,11055,57,20,0.0E0,19.5
11055-51,11055,51,20,0.0E0,53
11055-25,11055,25,15,0.0E0,14
11055-24,11055,24,15,0.0E0,4.5
11054-67,11054,67,20,0.0E0,14
11054-33,11054,33,10,0.0E0,2.5
11053-64,11053,64,25,2.0000000298023224E-1,33.25
11053-32,11053,32,20,0.0E0,32
11053-18,11053,18,35,2.0000000298023224E-1,62.5
11052-61,11052,61,10,2.0000000298023224E-1,28.5
11052-43,11052,43,30,2.0000000298023224E-1,46
11051-24,11051,24,10,2.0000000298023224E-1,4.5
11050-76,11050,76,50,1.0000000149011612E-1,18
11049-12,11049,12,4,2.0000000298023224E-1,38
11049-2,11049,2,10,2.0000000298023224E-1,19
11048-68,11048,68,42,0.0E0,12.5
10385-7,10385,7,10,2.0000000298023224E-1,24
10384-60,10384,60,15,0.0E0,27.2
10384-20,10384,20,28,0.0E0,64.8
10383-56,10383,56,20,0.0E0,30.4
10383-50,10383,50,15,0.0E0,13
10383-13,10383,13,20,0.0E0,4.8
10382-74,10382,74,50,0.0E0,8
10382-33,10382,33,60,0.0E0,2
10382-29,10382,29,14,0.0E0,99
10382-18,10382,18,9,0.0E0,50
10382-5,10382,5,32,0.0E0,17
10381-74,10381,74,14,0.0E0,8
10380-70,10380,70,30,0.0E0,12
10380-60,10380,60,6,1.0000000149011612E-1,27.2
10380-53,10380,53,20,1.0000000149011612E-1,26.2
10380-30,10380,30,18,1.0000000149011612E-1,20.7
10379-65,10379,65,20,1.0000000149011612E-1,16.8
10379-63,10379,63,16,1.0000000149011612E-1,35.1
10379-41,10379,41,8,1.0000000149011612E-1,7.7
10378-71,10378,71,6,0.0E0,17.2
10377-39,10377,39,20,1.5000000596046448E-1,14.4
10377-28,10377,28,20,1.5000000596046448E-1,36.4
10553-11,10553,11,15,0.0E0,21
10552-75,10552,75,30,0.0E0,7.75
10552-69,10552,69,18,0.0E0,36
10551-44,10551,44,40,0.0E0,19.45
10551-35,10551,35,20,1.5000000596046448E-1,18
10551-16,10551,16,40,1.5000000596046448E-1,17.45
10550-61,10550,61,10,1.0000000149011612E-1,28.5
10550-21,10550,21,6,1.0000000149011612E-1,10
10550-19,10550,19,10,0.0E0,9.2
10550-17,10550,17,8,1.0000000149011612E-1,39
10549-51,10549,51,48,1.5000000596046448E-1,53
10549-45,10549,45,100,1.5000000596046448E-1,9.5
10549-31,10549,31,55,1.5000000596046448E-1,12.5
10548-41,10548,41,14,0.0E0,9.65
10548-34,10548,34,10,2.5E-1,14
10547-36,10547,36,60,0.0E0,19
10547-32,10547,32,24,1.5000000596046448E-1,32
10546-62,10546,62,40,0.0E0,49.3
10546-35,10546,35,30,0.0E0,18
10546-7,10546,7,10,0.0E0,30
10545-11,10545,11,10,0.0E0,21
10544-67,10544,67,7,0.0E0,14
10544-28,10544,28,7,0.0E0,45.6
10543-23,10543,23,70,1.5000000596046448E-1,9
10543-12,10543,12,30,1.5000000596046448E-1,38
10252-60,10252,60,40,0.0E0,27.2
10252-33,10252,33,25,5.000000074505806E-2,2
10252-20,10252,20,40,5.000000074505806E-2,64.8
10251-65,10251,65,20,0.0E0,16.8
10251-57,10251,57,15,5.000000074505806E-2,15.6
10251-22,10251,22,6,5.000000074505806E-2,16.8
10250-65,10250,65,15,1.5000000596046448E-1,16.8
10250-51,10250,51,35,1.5000000596046448E-1,42.4
10250-41,10250,41,10,0.0E0,7.7
10249-51,10249,51,40,0.0E0,42.4
10249-14,10249,14,9,0.0E0,18.6
10248-72,10248,72,5,0.0E0,34.8
10248-42,10248,42,10,0.0E0,9.8
10248-11,10248,11,12,0.0E0,14
10297-39,10297,39,60,0.0E0,14.4
10296-69,10296,69,15,0.0E0,28.8
10296-16,10296,16,30,0.0E0,13.9
10296-11,10296,11,12,0.0E0,16.8
10295-56,10295,56,4,0.0E0,30.4
10294-75,10294,75,6,0.0E0,6.2
10294-60,10294,60,21,0.0E0,27.2
10294-43,10294,43,15,0.0E0,36.8
10401-65,10401,65,20,0.0E0,16.8
10401-56,10401,56,70,0.0E0,30.4
10401-30,10401,30,18,0.0E0,20.7
10400-49,10400,49,30,0.0E0,16
10400-35,10400,35,35,0.0E0,14.4
10400-29,10400,29,21,0.0E0,99
10399-77,10399,77,14,0.0E0,10.4
10399-76,10399,76,35,0.0E0,14.4
10399-71,10399,71,30,0.0E0,17.2
10399-68,10399,68,60,0.0E0,10
10398-55,10398,55,120,1.0000000149011612E-1,19.2
10398-35,10398,35,30,0.0E0,14.4
10397-51,10397,51,18,1.5000000596046448E-1,42.4
10397-21,10397,21,10,1.5000000596046448E-1,8
10396-72,10396,72,21,0.0E0,27.8
10396-71,10396,71,60,0.0E0,17.2
10396-23,10396,23,40,0.0E0,7.2
10395-69,10395,69,8,0.0E0,28.8
10395-53,10395,53,70,1.0000000149011612E-1,26.2
10395-46,10395,46,28,1.0000000149011612E-1,9.6
10394-62,10394,62,10,0.0E0,39.4
10394-13,10394,13,10,0.0E0,4.8
10393-31,10393,31,32,0.0E0,10
10393-26,10393,26,70,2.5E-1,24.9
10393-25,10393,25,7,2.5E-1,11.2
10393-14,10393,14,42,2.5E-1,18.6
10393-2,10393,2,25,2.5E-1,15.2
10392-69,10392,69,50,0.0E0,28.8
10391-13,10391,13,18,0.0E0,4.8
10390-72,10390,72,24,1.0000000149011612E-1,27.8
10390-46,10390,46,45,0.0E0,9.6
10390-35,10390,35,40,1.0000000149011612E-1,14.4
10390-31,10390,31,60,1.0000000149011612E-1,10
10389-70,10389,70,30,0.0E0,12
10346-17,10346,17,36,1.0000000149011612E-1,31.2
10456-49,10456,49,21,1.5000000596046448E-1,16
10456-21,10456,21,40,1.5000000596046448E-1,8
10455-71,10455,71,30,0.0E0,17.2
10455-61,10455,61,25,0.0E0,22.8
10455-53,10455,53,50,0.0E0,26.2
10455-39,10455,39,20,0.0E0,14.4
10454-46,10454,46,10,2.0000000298023224E-1,9.6
10454-33,10454,33,20,2.0000000298023224E-1,2
10432-54,10432,54,40,0.0E0,5.9
10432-26,10432,26,10,0.0E0,24.9
10431-47,10431,47,30,2.5E-1,7.6
10431-40,10431,40,50,2.5E-1,14.7
10431-17,10431,17,50,2.5E-1,31.2
10430-59,10430,59,70,2.0000000298023224E-1,44
10430-56,10430,56,30,0.0E0,30.4
10430-21,10430,21,50,0.0E0,8
10430-17,10430,17,45,2.0000000298023224E-1,31.2
10429-63,10429,63,35,2.5E-1,35.1
10429-50,10429,50,40,0.0E0,13
10428-46,10428,46,20,0.0E0,9.6
10427-14,10427,14,35,0.0E0,18.6
10426-64,10426,64,7,0.0E0,26.6
10426-56,10426,56,5,0.0E0,30.4
10425-76,10425,76,20,2.5E-1,14.4
10425-55,10425,55,10,2.5E-1,19.2
10424-68,10424,68,30,2.0000000298023224E-1,10
10424-38,10424,38,49,2.0000000298023224E-1,210.8
10424-35,10424,35,60,2.0000000298023224E-1,14.4
10423-59,10423,59,20,0.0E0,44
10423-31,10423,31,14,0.0E0,10
10422-26,10422,26,2,0.0E0,24.9
10421-77,10421,77,10,1.5000000596046448E-1,10.4
10421-53,10421,53,15,1.5000000596046448E-1,26.2
10421-26,10421,26,30,0.0E0,24.9
10421-19,10421,19,4,1.5000000596046448E-1,7.3
10420-73,10420,73,20,1.0000000149011612E-1,12
10420-70,10420,70,8,1.0000000149011612E-1,12
10420-13,10420,13,2,1.0000000149011612E-1,4.8
10420-9,10420,9,20,1.0000000149011612E-1,77.6
10419-69,10419,69,20,5.000000074505806E-2,28.8
10419-60,10419,60,60,5.000000074505806E-2,27.2
10418-74,10418,74,15,0.0E0,8
10418-61,10418,61,16,0.0E0,22.8
10418-47,10418,47,55,0.0E0,7.6
10465-29,10465,29,18,1.0000000149011612E-1,99
10465-24,10465,24,25,0.0E0,3.6
10464-60,10464,60,20,0.0E0,27.2
10464-56,10464,56,30,2.0000000298023224E-1,30.4
10464-43,10464,43,3,0.0E0,36.8
10464-4,10464,4,16,2.0000000298023224E-1,17.6
10463-42,10463,42,50,0.0E0,11.2
10463-19,10463,19,21,0.0E0,7.3
10462-23,10462,23,21,0.0E0,7.2
10462-13,10462,13,1,0.0E0,4.8
10461-55,10461,55,60,2.5E-1,19.2
10461-30,10461,30,28,2.5E-1,20.7
10461-21,10461,21,40,2.5E-1,8
10460-75,10460,75,4,2.5E-1,6.2
10460-68,10460,68,21,2.5E-1,10
10459-72,10459,72,40,0.0E0,27.8
10459-46,10459,46,20,5.000000074505806E-2,9.6
10459-7,10459,7,16,5.000000074505806E-2,24
10458-71,10458,71,50,0.0E0,17.2
10458-56,10458,56,15,0.0E0,30.4
10458-43,10458,43,20,0.0E0,36.8
10458-28,10458,28,30,0.0E0,36.4
10458-26,10458,26,30,0.0E0,24.9
10457-59,10457,59,36,0.0E0,44
10261-35,10261,35,20,0.0E0,14.4
10261-21,10261,21,20,0.0E0,8
10260-70,10260,70,21,2.5E-1,12
10764-39,10764,39,130,1.0000000149011612E-1,18
10764-3,10764,3,20,1.0000000149011612E-1,10
10763-24,10763,24,20,0.0E0,4.5
10763-22,10763,22,6,0.0E0,21
10763-21,10763,21,40,0.0E0,10
10762-56,10762,56,60,0.0E0,38
10762-51,10762,51,28,0.0E0,53
10762-47,10762,47,30,0.0E0,9.5
10762-39,10762,39,16,0.0E0,18
10761-75,10761,75,18,0.0E0,7.75
10761-25,10761,25,35,2.5E-1,14
10760-43,10760,43,30,2.5E-1,46
10760-27,10760,27,40,0.0E0,43.9
10760-25,10760,25,12,2.5E-1,14
10759-32,10759,32,10,0.0E0,32
10758-70,10758,70,40,0.0E0,15
10758-52,10758,52,60,0.0E0,7
10758-26,10758,26,20,0.0E0,31.23
10757-64,10757,64,24,0.0E0,33.25
10757-62,10757,62,30,0.0E0,49.3
10757-59,10757,59,7,0.0E0,55
10757-34,10757,34,30,0.0E0,14
10756-69,10756,69,20,2.0000000298023224E-1,36
10756-68,10756,68,6,2.0000000298023224E-1,12.5
10713-45,10713,45,110,0.0E0,9.5
10713-26,10713,26,30,0.0E0,31.23
10713-10,10713,10,18,0.0E0,31
10712-56,10712,56,30,0.0E0,38
10712-53,10712,53,3,5.000000074505806E-2,32.8
10638-45,10638,45,20,0.0E0,9.5
10637-56,10637,56,60,5.000000074505806E-2,38
10637-50,10637,50,25,5.000000074505806E-2,16.25
10637-11,10637,11,10,0.0E0,21
10636-58,10636,58,6,0.0E0,13.25
10636-4,10636,4,25,0.0E0,22
10635-22,10635,22,40,0.0E0,21
10635-5,10635,5,15,1.0000000149011612E-1,21.35
10635-4,10635,4,10,1.0000000149011612E-1,22
10634-75,10634,75,2,0.0E0,7.75
10634-51,10634,51,15,0.0E0,53
10634-18,10634,18,50,0.0E0,62.5
10634-7,10634,7,35,0.0E0,30
10633-62,10633,62,80,1.5000000596046448E-1,49.3
10633-26,10633,26,35,1.5000000596046448E-1,31.23
10633-13,10633,13,13,1.5000000596046448E-1,6
10633-12,10633,12,36,1.5000000596046448E-1,38
10632-33,10632,33,20,5.000000074505806E-2,2.5
10632-2,10632,2,30,5.000000074505806E-2,19
10631-75,10631,75,8,1.0000000149011612E-1,7.75
10630-76,10630,76,35,0.0E0,18
10630-55,10630,55,12,5.000000074505806E-2,24
10629-64,10629,64,9,0.0E0,33.25
10629-29,10629,29,20,0.0E0,123.79
10326-75,10326,75,50,0.0E0,6.2
10326-57,10326,57,16,0.0E0,15.6
10283-60,10283,60,35,0.0E0,27.2
10283-19,10283,19,18,0.0E0,7.3
10283-15,10283,15,20,0.0E0,12.4
10282-57,10282,57,2,0.0E0,15.6
10282-30,10282,30,6,0.0E0,20.7
10281-35,10281,35,4,0.0E0,14.4
10281-24,10281,24,6,0.0E0,3.6
10281-19,10281,19,1,0.0E0,7.3
10280-75,10280,75,30,0.0E0,6.2
10280-55,10280,55,20,0.0E0,19.2
10280-24,10280,24,12,0.0E0,3.6
10279-17,10279,17,15,2.5E-1,31.2
10278-73,10278,73,25,0.0E0,12
10278-63,10278,63,8,0.0E0,35.1
10278-59,10278,59,15,0.0E0,44
10278-44,10278,44,16,0.0E0,15.5
10277-62,10277,62,12,0.0E0,39.4
10277-28,10277,28,20,0.0E0,36.4
10276-13,10276,13,10,0.0E0,4.8
10276-10,10276,10,15,0.0E0,24.8
10275-59,10275,59,6,5.000000074505806E-2,44
10275-24,10275,24,12,5.000000074505806E-2,3.6
10274-72,10274,72,7,0.0E0,27.8
10274-71,10274,71,20,0.0E0,17.2
10273-76,10273,76,33,5.000000074505806E-2,14.4
10273-40,10273,40,60,5.000000074505806E-2,14.7
10273-33,10273,33,20,0.0E0,2
10273-31,10273,31,15,5.000000074505806E-2,10
10273-10,10273,10,24,5.000000074505806E-2,24.8
10272-72,10272,72,24,0.0E0,27.8
10272-31,10272,31,40,0.0E0,10
10272-20,10272,20,6,0.0E0,64.8
10271-33,10271,33,24,0.0E0,2
10270-43,10270,43,25,0.0E0,36.8
10270-36,10270,36,30,0.0E0,15.2
10269-72,10269,72,20,5.000000074505806E-2,27.8
10269-33,10269,33,60,5.000000074505806E-2,2
10268-72,10268,72,4,0.0E0,27.8
10268-29,10268,29,10,0.0E0,99
10267-76,10267,76,15,1.5000000596046448E-1,14.4
10267-59,10267,59,70,1.5000000596046448E-1,44
10267-40,10267,40,50,0.0E0,14.7
10266-12,10266,12,12,5.000000074505806E-2,30.4
10265-70,10265,70,20,0.0E0,12
10265-17,10265,17,30,0.0E0,31.2
10264-41,10264,41,25,1.5000000596046448E-1,7.7
10264-2,10264,2,35,0.0E0,15.2
10263-74,10263,74,36,2.5E-1,8
10263-30,10263,30,60,2.5E-1,20.7
10263-24,10263,24,28,0.0E0,3.6
10263-16,10263,16,60,2.5E-1,13.9
10262-56,10262,56,2,0.0E0,30.4
10262-7,10262,7,15,0.0E0,24
10262-5,10262,5,12,2.0000000298023224E-1,17
10409-21,10409,21,12,0.0E0,8
10409-14,10409,14,12,0.0E0,18.6
10408-62,10408,62,35,0.0E0,39.4
10408-54,10408,54,6,0.0E0,5.9
10408-37,10408,37,10,0.0E0,20.8
10407-71,10407,71,15,0.0E0,17.2
10407-69,10407,69,15,0.0E0,28.8
10407-11,10407,11,30,0.0E0,16.8
10406-40,10406,40,2,1.0000000149011612E-1,14.7
10406-36,10406,36,5,1.0000000149011612E-1,15.2
10406-28,10406,28,42,1.0000000149011612E-1,36.4
10406-21,10406,21,30,1.0000000149011612E-1,8
10406-1,10406,1,10,0.0E0,14.4
10405-3,10405,3,50,0.0E0,8
10404-49,10404,49,30,5.000000074505806E-2,16
10404-42,10404,42,40,5.000000074505806E-2,11.2
10404-26,10404,26,30,5.000000074505806E-2,24.9
10403-48,10403,48,70,1.5000000596046448E-1,10.2
10403-16,10403,16,21,1.5000000596046448E-1,13.9
10402-63,10402,63,65,0.0E0,35.1
10402-23,10402,23,60,0.0E0,7.2
10401-71,10401,71,60,0.0E0,17.2
10554-77,10554,77,10,5.000000074505806E-2,13
10554-62,10554,62,20,5.000000074505806E-2,49.3
10554-23,10554,23,20,5.000000074505806E-2,9
10554-16,10554,16,30,5.000000074505806E-2,17.45
10553-35,10553,35,6,0.0E0,18
10553-31,10553,31,30,0.0E0,12.5
10553-22,10553,22,24,0.0E0,21
10553-16,10553,16,14,0.0E0,17.45
10449-52,10449,52,20,0.0E0,5.6
10449-10,10449,10,14,0.0E0,24.8
10448-40,10448,40,20,0.0E0,14.7
10448-26,10448,26,6,0.0E0,24.9
10447-71,10447,71,2,0.0E0,17.2
10447-65,10447,65,35,0.0E0,16.8
10447-19,10447,19,40,0.0E0,7.3
10446-52,10446,52,15,1.0000000149011612E-1,5.6
10446-31,10446,31,3,1.0000000149011612E-1,10
10446-24,10446,24,20,1.0000000149011612E-1,3.6
10446-19,10446,19,12,1.0000000149011612E-1,7.3
10445-54,10445,54,15,0.0E0,5.9
10445-39,10445,39,6,0.0E0,14.4
10444-41,10444,41,30,0.0E0,7.7
10444-35,10444,35,8,0.0E0,14.4
10444-26,10444,26,15,0.0E0,24.9
10444-17,10444,17,10,0.0E0,31.2
10443-28,10443,28,12,0.0E0,36.4
10443-11,10443,11,6,2.0000000298023224E-1,16.8
10442-66,10442,66,60,0.0E0,13.6
10442-54,10442,54,80,0.0E0,5.9
10442-11,10442,11,30,0.0E0,16.8
10441-27,10441,27,50,0.0E0,35.1
10345-42,10345,42,9,0.0E0,11.2
10345-19,10345,19,80,0.0E0,7.3
10345-8,10345,8,70,0.0E0,32
10344-8,10344,8,70,2.5E-1,32
10344-4,10344,4,35,0.0E0,17.6
10343-76,10343,76,15,0.0E0,14.4
10343-68,10343,68,4,5.000000074505806E-2,10
10343-64,10343,64,50,0.0E0,26.6
10342-55,10342,55,40,2.0000000298023224E-1,19.2
10342-36,10342,36,40,2.0000000298023224E-1,15.2
10342-31,10342,31,56,2.0000000298023224E-1,10
10342-2,10342,2,24,2.0000000298023224E-1,15.2
10341-59,10341,59,9,1.5000000596046448E-1,44
10481-49,10481,49,24,0.0E0,16
10480-59,10480,59,12,0.0E0,44
10480-47,10480,47,30,0.0E0,7.6
10479-64,10479,64,30,0.0E0,26.6
10479-59,10479,59,60,0.0E0,44
10479-53,10479,53,28,0.0E0,26.2
10479-38,10479,38,30,0.0E0,210.8
10478-10,10478,10,20,5.000000074505806E-2,24.8
10477-39,10477,39,20,2.5E-1,14.4
10477-21,10477,21,21,2.5E-1,8
10477-1,10477,1,15,0.0E0,14.4
10476-70,10476,70,12,0.0E0,12
10476-55,10476,55,2,5.000000074505806E-2,19.2
10475-76,10475,76,42,1.5000000596046448E-1,14.4
10475-66,10475,66,60,1.5000000596046448E-1,13.6
10475-31,10475,31,35,1.5000000596046448E-1,10
10474-75,10474,75,10,0.0E0,6.2
10474-40,10474,40,21,0.0E0,14.7
10474-28,10474,28,18,0.0E0,36.4
10474-14,10474,14,12,0.0E0,18.6
10473-71,10473,71,12,0.0E0,17.2
10473-33,10473,33,12,0.0E0,2
10472-51,10472,51,18,0.0E0,42.4
10472-24,10472,24,80,5.000000074505806E-2,3.6
10471-56,10471,56,20,0.0E0,30.4
10471-7,10471,7,30,0.0E0,24
10470-64,10470,64,8,0.0E0,26.6
10470-23,10470,23,15,0.0E0,7.2
10470-18,10470,18,30,0.0E0,50
10469-44,10469,44,2,1.5000000596046448E-1,15.5
10469-16,10469,16,35,1.5000000596046448E-1,13.9
10469-2,10469,2,40,1.5000000596046448E-1,15.2
10468-43,10468,43,15,0.0E0,36.8
10468-30,10468,30,8,0.0E0,20.7
10467-25,10467,25,12,0.0E0,11.2
10467-24,10467,24,28,0.0E0,3.6
10466-46,10466,46,5,0.0E0,9.6
10466-11,10466,11,10,0.0E0,16.8
10465-50,10465,50,25,0.0E0,13
10465-45,10465,45,30,1.0000000149011612E-1,7.6
10465-40,10465,40,20,0.0E0,14.7
10488-73,10488,73,20,2.0000000298023224E-1,12
10488-59,10488,59,30,0.0E0,44
10487-54,10487,54,24,2.5E-1,5.9
10487-26,10487,26,30,0.0E0,24.9
10487-19,10487,19,5,0.0E0,7.3
10486-74,10486,74,16,0.0E0,8
10486-51,10486,51,25,0.0E0,42.4
10316-62,10316,62,70,0.0E0,39.4
10316-41,10316,41,10,0.0E0,7.7
10315-70,10315,70,30,0.0E0,12
10315-34,10315,34,14,0.0E0,11.2
10314-62,10314,62,25,1.0000000149011612E-1,39.4
10314-58,10314,58,30,1.0000000149011612E-1,10.6
10314-32,10314,32,40,1.0000000149011612E-1,25.6
10313-36,10313,36,12,0.0E0,15.2
10312-75,10312,75,10,0.0E0,6.2
10312-53,10312,53,20,0.0E0,26.2
10312-43,10312,43,24,0.0E0,36.8
10312-28,10312,28,4,0.0E0,36.4
10311-69,10311,69,7,0.0E0,28.8
10311-42,10311,42,6,0.0E0,11.2
10310-62,10310,62,5,0.0E0,39.4
10310-16,10310,16,10,0.0E0,13.9
10309-71,10309,71,3,0.0E0,17.2
10309-43,10309,43,20,0.0E0,36.8
10309-42,10309,42,2,0.0E0,11.2
10309-6,10309,6,30,0.0E0,20
10309-4,10309,4,20,0.0E0,17.6
10308-70,10308,70,5,0.0E0,12
10308-69,10308,69,1,0.0E0,28.8
10307-68,10307,68,3,0.0E0,10
10307-62,10307,62,10,0.0E0,39.4
10306-54,10306,54,5,0.0E0,5.9
10306-53,10306,53,10,0.0E0,26.2
10306-30,10306,30,10,0.0E0,20.7
10305-39,10305,39,30,1.0000000149011612E-1,14.4
10305-29,10305,29,25,1.0000000149011612E-1,99
10305-18,10305,18,25,1.0000000149011612E-1,50
10304-71,10304,71,2,0.0E0,17.2
10304-59,10304,59,10,0.0E0,44
10304-49,10304,49,30,0.0E0,16
10303-68,10303,68,15,1.0000000149011612E-1,10
10708-5,10708,5,4,0.0E0,21.35
10707-70,10707,70,28,1.5000000596046448E-1,15
10707-57,10707,57,40,0.0E0,19.5
10707-55,10707,55,21,0.0E0,24
10706-59,10706,59,8,0.0E0,55
10706-43,10706,43,24,0.0E0,46
10706-16,10706,16,20,0.0E0,17.45
10705-32,10705,32,4,0.0E0,32
10705-31,10705,31,20,0.0E0,12.5
10704-48,10704,48,24,0.0E0,12.75
10704-24,10704,24,35,0.0E0,4.5
10704-4,10704,4,6,0.0E0,22
10703-73,10703,73,35,0.0E0,15
10703-59,10703,59,35,0.0E0,55
10703-2,10703,2,5,0.0E0,19
10702-76,10702,76,15,0.0E0,18
10702-3,10702,3,6,0.0E0,10
10701-76,10701,76,35,1.5000000596046448E-1,18
10701-71,10701,71,20,1.5000000596046448E-1,21.5
10701-59,10701,59,42,1.5000000596046448E-1,55
10700-71,10700,71,60,2.0000000298023224E-1,21.5
10700-68,10700,68,40,2.0000000298023224E-1,12.5
10700-34,10700,34,12,2.0000000298023224E-1,14
10700-1,10700,1,5,2.0000000298023224E-1,18
10699-47,10699,47,12,0.0E0,9.5
10698-70,10698,70,8,5.000000074505806E-2,15
10698-65,10698,65,65,5.000000074505806E-2,21.05
10698-29,10698,29,12,5.000000074505806E-2,123.79
10698-17,10698,17,8,5.000000074505806E-2,39
10698-11,10698,11,15,0.0E0,21
10697-70,10697,70,30,2.5E-1,15
10697-58,10697,58,30,2.5E-1,13.25
10697-35,10697,35,9,2.5E-1,18
10697-19,10697,19,7,2.5E-1,9.2
10696-46,10696,46,18,0.0E0,12
10696-17,10696,17,20,0.0E0,39
10695-24,10695,24,20,0.0E0,4.5
10695-12,10695,12,4,0.0E0,38
10695-8,10695,8,10,0.0E0,40
10694-70,10694,70,50,0.0E0,15
10694-59,10694,59,25,0.0E0,55
10694-7,10694,7,90,0.0E0,30
10693-73,10693,73,15,1.5000000596046448E-1,15
10649-72,10649,72,15,0.0E0,34.8
10649-28,10649,28,20,0.0E0,45.6
10951-33,10951,33,15,5.000000074505806E-2,2.5
10950-4,10950,4,5,0.0E0,22
10949-62,10949,62,60,0.0E0,49.3
10949-17,10949,17,6,0.0E0,39
10949-10,10949,10,30,0.0E0,31
10949-6,10949,6,12,0.0E0,25
10948-55,10948,55,4,0.0E0,24
10948-51,10948,51,40,0.0E0,53
10948-50,10948,50,9,0.0E0,16.25
10947-59,10947,59,4,0.0E0,55
10946-77,10946,77,40,0.0E0,13
10946-24,10946,24,25,0.0E0,4.5
10946-10,10946,10,25,0.0E0,31
10945-31,10945,31,10,0.0E0,12.5
10945-13,10945,13,20,0.0E0,6
10944-56,10944,56,18,0.0E0,38
10944-44,10944,44,18,2.5E-1,19.45
10944-11,10944,11,5,2.5E-1,21
10943-46,10943,46,15,0.0E0,12
10943-22,10943,22,21,0.0E0,21
10943-13,10943,13,15,0.0E0,6
10827-39,10827,39,21,0.0E0,18
10827-10,10827,10,15,0.0E0,31
10826-57,10826,57,15,0.0E0,19.5
10826-31,10826,31,35,0.0E0,12.5
10825-53,10825,53,20,0.0E0,32.8
10825-26,10825,26,12,0.0E0,31.23
10824-70,10824,70,9,0.0E0,15
10824-41,10824,41,12,0.0E0,9.65
10823-77,10823,77,15,1.0000000149011612E-1,13
10823-59,10823,59,40,1.0000000149011612E-1,55
10823-57,10823,57,15,0.0E0,19.5
10823-11,10823,11,20,1.0000000149011612E-1,21
10822-70,10822,70,6,0.0E0,15
10822-62,10822,62,3,0.0E0,49.3
10821-51,10821,51,6,0.0E0,53
10821-35,10821,35,20,0.0E0,18
10820-56,10820,56,30,0.0E0,38
10819-75,10819,75,20,0.0E0,7.75
10819-43,10819,43,7,0.0E0,46
10818-41,10818,41,20,0.0E0,9.65
10818-32,10818,32,20,0.0E0,32
10817-62,10817,62,25,1.5000000596046448E-1,49.3
10817-40,10817,40,60,1.5000000596046448E-1,18.4
10817-38,10817,38,30,0.0E0,263.5
10817-26,10817,26,40,1.5000000596046448E-1,31.23
10816-62,10816,62,20,5.000000074505806E-2,49.3
10816-38,10816,38,30,5.000000074505806E-2,263.5
10815-33,10815,33,16,0.0E0,2.5
10814-61,10814,61,30,1.5000000596046448E-1,28.5
10814-48,10814,48,8,1.5000000596046448E-1,12.75
10814-43,10814,43,20,1.5000000596046448E-1,46
10814-41,10814,41,20,0.0E0,9.65
10813-46,10813,46,35,0.0E0,12
10333-14,10333,14,10,0.0E0,18.6
10332-47,10332,47,16,2.0000000298023224E-1,7.6
10332-42,10332,42,10,2.0000000298023224E-1,11.2
10332-18,10332,18,40,2.0000000298023224E-1,50
10331-54,10331,54,15,0.0E0,5.9
10330-72,10330,72,25,1.5000000596046448E-1,27.8
10330-26,10330,26,50,1.5000000596046448E-1,24.9
10329-56,10329,56,12,5.000000074505806E-2,30.4
10329-38,10329,38,20,5.000000074505806E-2,210.8
10329-30,10329,30,8,5.000000074505806E-2,20.7
10329-19,10329,19,10,5.000000074505806E-2,7.3
10328-68,10328,68,10,0.0E0,10
10328-65,10328,65,40,0.0E0,16.8
10328-59,10328,59,9,0.0E0,44
10327-58,10327,58,30,2.0000000298023224E-1,10.6
10327-30,10327,30,35,2.0000000298023224E-1,20.7
10327-11,10327,11,50,2.0000000298023224E-1,16.8
10327-2,10327,2,25,2.0000000298023224E-1,15.2
10341-33,10341,33,8,0.0E0,2
10340-43,10340,43,40,5.000000074505806E-2,36.8
10340-41,10340,41,12,5.000000074505806E-2,7.7
10340-18,10340,18,20,5.000000074505806E-2,50
10339-62,10339,62,28,0.0E0,39.4
10339-17,10339,17,70,5.000000074505806E-2,31.2
10339-4,10339,4,10,0.0E0,17.6
10338-30,10338,30,15,0.0E0,20.7
10338-17,10338,17,20,0.0E0,31.2
10337-72,10337,72,25,0.0E0,27.8
10337-37,10337,37,28,0.0E0,20.8
10337-36,10337,36,20,0.0E0,15.2
10337-26,10337,26,24,0.0E0,24.9
10337-23,10337,23,40,0.0E0,7.2
10336-4,10336,4,18,1.0000000149011612E-1,17.6
10335-51,10335,51,48,2.0000000298023224E-1,42.4
10335-32,10335,32,6,2.0000000298023224E-1,25.6
10335-31,10335,31,25,2.0000000298023224E-1,10
10515-9,10515,9,16,1.5000000596046448E-1,97
10514-75,10514,75,50,0.0E0,7.75
10514-65,10514,65,39,0.0E0,21.05
10514-56,10514,56,70,0.0E0,38
10514-28,10514,28,35,0.0E0,45.6
10514-20,10514,20,39,0.0E0,81
10513-61,10513,61,15,2.0000000298023224E-1,28.5
10513-32,10513,32,50,2.0000000298023224E-1,32
10513-21,10513,21,40,2.0000000298023224E-1,10
10512-60,10512,60,12,1.5000000596046448E-1,34
10512-47,10512,47,6,1.5000000596046448E-1,9.5
10512-46,10512,46,9,1.5000000596046448E-1,12
10512-24,10512,24,10,1.5000000596046448E-1,4.5
10511-8,10511,8,10,1.5000000596046448E-1,40
10511-7,10511,7,50,1.5000000596046448E-1,30
10511-4,10511,4,50,1.5000000596046448E-1,22
10510-75,10510,75,36,1.0000000149011612E-1,7.75
10510-29,10510,29,36,0.0E0,123.79
10509-28,10509,28,3,0.0E0,45.6
10508-39,10508,39,10,0.0E0,18
10508-13,10508,13,10,0.0E0,6
10507-48,10507,48,15,1.5000000596046448E-1,12.75
10507-43,10507,43,15,1.5000000596046448E-1,46
10506-70,10506,70,14,1.0000000149011612E-1,15
10506-25,10506,25,18,1.0000000149011612E-1,14
10505-62,10505,62,3,0.0E0,49.3
10504-61,10504,61,25,0.0E0,28.5
10504-53,10504,53,10,0.0E0,32.8
10504-21,10504,21,12,0.0E0,10
10504-2,10504,2,12,0.0E0,19
10503-65,10503,65,20,0.0E0,21.05
10503-14,10503,14,70,0.0E0,23.25
10502-67,10502,67,30,0.0E0,14
10502-53,10502,53,6,0.0E0,32.8
10502-45,10502,45,21,0.0E0,9.5
10501-54,10501,54,20,0.0E0,7.45
10500-28,10500,28,8,5.000000074505806E-2,45.6
10500-15,10500,15,12,5.000000074505806E-2,15.5
10499-49,10499,49,25,0.0E0,20
10499-28,10499,28,20,0.0E0,45.6
10498-42,10498,42,30,0.0E0,14
10498-40,10498,40,5,0.0E0,18.4
10454-16,10454,16,20,2.0000000298023224E-1,13.9
10453-70,10453,70,25,1.0000000149011612E-1,12
10453-48,10453,48,15,1.0000000149011612E-1,10.2
10452-44,10452,44,100,5.000000074505806E-2,15.5
10452-28,10452,28,15,0.0E0,36.4
10451-77,10451,77,55,1.0000000149011612E-1,10.4
10451-65,10451,65,28,1.0000000149011612E-1,16.8
10451-64,10451,64,35,1.0000000149011612E-1,26.6
10451-55,10451,55,120,1.0000000149011612E-1,19.2
10450-54,10450,54,6,2.0000000298023224E-1,5.9
10450-10,10450,10,20,2.0000000298023224E-1,24.8
